-- phpMyAdmin SQL Dump
-- version 4.0.9
-- http://www.phpmyadmin.net
--
-- Хост: localhost
-- Час створення: Трв 13 2015 р., 09:06
-- Версія сервера: 5.6.21
-- Версія PHP: 5.6.3

SET SQL_MODE = "NO_AUTO_VALUE_ON_ZERO";
SET time_zone = "+00:00";


/*!40101 SET @OLD_CHARACTER_SET_CLIENT=@@CHARACTER_SET_CLIENT */;
/*!40101 SET @OLD_CHARACTER_SET_RESULTS=@@CHARACTER_SET_RESULTS */;
/*!40101 SET @OLD_COLLATION_CONNECTION=@@COLLATION_CONNECTION */;
/*!40101 SET NAMES utf8 */;

--
-- База даних: `yii2-user`
--

-- --------------------------------------------------------

--
-- Структура таблиці `auth_assignment`
--

CREATE TABLE IF NOT EXISTS `auth_assignment` (
  `item_name` varchar(64) NOT NULL,
  `user_id` varchar(64) NOT NULL,
  `created_at` int(11) DEFAULT NULL,
  PRIMARY KEY (`item_name`,`user_id`)
) ENGINE=InnoDB DEFAULT CHARSET=utf8;

--
-- Дамп даних таблиці `auth_assignment`
--

INSERT INTO `auth_assignment` (`item_name`, `user_id`, `created_at`) VALUES
('admin', '1', 1429624117),
('admin', '15', 1431091999),
('guest', '1', 1431369374),
('guest', '10', 1431450840),
('guide', '1', 1431412735),
('guide', '4', 1429624635),
('manager', '15', 1431093192),
('manager', '2', 1429624169),
('student', '1', 1431369414),
('student', '14', 1430824248),
('student', '3', 1429624557);

-- --------------------------------------------------------

--
-- Структура таблиці `auth_item`
--

CREATE TABLE IF NOT EXISTS `auth_item` (
  `name` varchar(64) NOT NULL,
  `type` int(11) NOT NULL,
  `description` text,
  `rule_name` varchar(64) DEFAULT NULL,
  `data` text,
  `created_at` int(11) DEFAULT NULL,
  `updated_at` int(11) DEFAULT NULL,
  PRIMARY KEY (`name`),
  KEY `rule_name` (`rule_name`),
  KEY `type` (`type`)
) ENGINE=InnoDB DEFAULT CHARSET=utf8;

--
-- Дамп даних таблиці `auth_item`
--

INSERT INTO `auth_item` (`name`, `type`, `description`, `rule_name`, `data`, `created_at`, `updated_at`) VALUES
('/site/index', 2, NULL, NULL, NULL, 1429626978, 1429626978),
('/user/admin/index', 2, NULL, NULL, NULL, 1429626795, 1429626795),
('admin', 1, 'Адміністратор сайту, який має доступ до всіх налаштувань', NULL, NULL, 1429623893, 1429623893),
('guest', 1, 'Гість, неавторизований користувач сайту', NULL, NULL, 1429624081, 1429624081),
('guide', 1, 'Керівник практики від факультету та кафедри ', NULL, NULL, 1429623994, 1429623994),
('main-admin', 2, 'Доступ до основного меню адміністратора', NULL, NULL, 1429622919, 1429626412),
('manager', 1, 'Організатор практики на кафедрі', NULL, NULL, 1429623945, 1429623945),
('student', 1, 'Студент, що направляється на практику', NULL, NULL, 1429624040, 1429624040),
('user-admin', 2, 'GRUD до БД користувачів', NULL, NULL, 1429622863, 1429622863);

-- --------------------------------------------------------

--
-- Структура таблиці `auth_item_child`
--

CREATE TABLE IF NOT EXISTS `auth_item_child` (
  `parent` varchar(64) NOT NULL,
  `child` varchar(64) NOT NULL,
  PRIMARY KEY (`parent`,`child`),
  KEY `child` (`child`)
) ENGINE=InnoDB DEFAULT CHARSET=utf8;

--
-- Дамп даних таблиці `auth_item_child`
--

INSERT INTO `auth_item_child` (`parent`, `child`) VALUES
('admin', 'main-admin'),
('admin', 'user-admin');

-- --------------------------------------------------------

--
-- Структура таблиці `auth_rule`
--

CREATE TABLE IF NOT EXISTS `auth_rule` (
  `name` varchar(64) NOT NULL,
  `data` text,
  `created_at` int(11) DEFAULT NULL,
  `updated_at` int(11) DEFAULT NULL,
  PRIMARY KEY (`name`)
) ENGINE=InnoDB DEFAULT CHARSET=utf8;

-- --------------------------------------------------------

--
-- Структура таблиці `card`
--

CREATE TABLE IF NOT EXISTS `card` (
  `id` int(10) unsigned NOT NULL,
  `ipn` varchar(11) NOT NULL,
  `group_id` int(10) unsigned NOT NULL,
  `student_name` varchar(128) NOT NULL,
  `sex` varchar(7) NOT NULL,
  `birthday` date NOT NULL,
  `seria` varchar(4) NOT NULL,
  `number` varchar(6) NOT NULL,
  `issued_by` varchar(255) NOT NULL,
  `issued_date` date NOT NULL,
  `region` int(11) NOT NULL,
  `district` int(11) NOT NULL,
  `city` varchar(36) NOT NULL,
  `street` varchar(36) NOT NULL,
  `house` varchar(6) NOT NULL,
  `building` varchar(6) NOT NULL,
  `flat` tinyint(4) NOT NULL,
  `photo` varchar(255) NOT NULL,
  `payment` varchar(10) NOT NULL,
  PRIMARY KEY (`id`),
  UNIQUE KEY `ipn` (`ipn`),
  KEY `region` (`region`),
  KEY `district` (`district`),
  KEY `group_id` (`group_id`)
) ENGINE=InnoDB DEFAULT CHARSET=utf8;

--
-- Дамп даних таблиці `card`
--

INSERT INTO `card` (`id`, `ipn`, `group_id`, `student_name`, `sex`, `birthday`, `seria`, `number`, `issued_by`, `issued_date`, `region`, `district`, `city`, `street`, `house`, `building`, `flat`, `photo`, `payment`) VALUES
(1, '3426613136', 17, 'Гупало Ігор Андрійович', 'чоловік', '1993-10-25', 'МЕ', '973817', 'ТУМ Соломянським РУ ГУМВС України в м. Києві', '2009-12-29', 80, 0, 'м.Київ', 'Івана Лепсе', '37', '', 48, 'Гупало Ігор Андрійович.JPG', 'Бюджет'),
(2, '3428501761', 17, 'Доценко Яна Олександрівна', 'жінка', '1993-11-13', 'ЕТ', '213978', 'Ленінським РВ ГУ МВС України в АР Крим', '2009-11-28', 1, 1227000, 'Войкове', 'Київська', '13', '', 0, 'Доценко Яна Олександрівна.JPG', 'Бюджет'),
(3, '3408313654', 17, 'Медушівський Юрій Анатолійович', 'чоловік', '1993-04-25', 'НЕ', '571806', 'Ватутінським ВМ УМВС України  в Черкаській обл', '2009-07-29', 71, 71102000, 'Ватутіне', 'Юрківська', '29', '', 0, 'Медушівський Юрій Анатолійович.JPG', 'Бюджет'),
(4, '3426705693', 17, 'Небеснюк Даніель Давидович', 'чоловік', '1993-10-26', 'МЕ', '983670', 'Дніпровське РУ ГУ МВС України в м. Києві', '2010-01-21', 80, 0, 'м.Київ', 'Бучми', '3', '', 63, 'Небеснюк Даніель Давидович.JPG', 'Бюджет'),
(5, '3392012752', 17, 'Немченко Михайло Олександрович', 'чоловік', '1992-11-13', 'МЕ', '913374', 'Шевченківським РУ ГУ МВС Украіни в м Києві', '2008-12-09', 80, 0, 'м.Київ', 'Перемоги', '60', '', 127, 'Немченко Михайло Олександрович.JPG', 'Бюджет'),
(6, '3402005856', 17, 'Пушкарьов Віталій Юрійович', 'чоловік', '1993-02-21', 'МР', '288815', 'Дніпровським ВМНМВ УМВС України в Херсонській обл', '2009-04-30', 65, 0, 'Херсон', 'Чорноморська', '38', '', 5, 'Пушкарьов Віталій Юрійович.JPG', 'Бюджет'),
(7, '3422013598', 18, 'Вістизенко Євген Віталійович', 'чоловік', '1993-09-09', 'МЕ', '979390', 'Деснянський РУ ГУ МВС України в м.Києві', '2009-12-24', 80, 0, 'м.Київ', 'Бальзака', '87', '', 106, 'Вістизенко Євген Віталійович.JPG', 'Бюджет'),
(8, '3409316637', 18, 'Касьянов Максим Сергійович', 'чоловік', '1993-05-05', 'НВ', '529301', 'Староконстянтинівський РВУ МВС України в Хмельницькій обл.', '2009-07-21', 68, 68242000, 'Самчики', 'Прокоп''юка', '10', '', 0, 'Касьянов Максим Сергійович.JPG', 'Бюджет'),
(9, '3398910961', 18, 'Пастухова Вікторія Володимирівна', 'жінка', '1993-01-21', 'МВ', '410237', 'Конотопським МВ УМВС України в Сумській обл', '2009-03-10', 59, 59104000, 'Конотоп', 'Ватутіна', '11', '', 5, 'Пастухова Вікторія Володимирівна.JPG', 'Бюджет'),
(10, '3394009711', 18, 'Петрусь Віктор Віталійович', 'чоловік', '1992-12-03', 'СТ', '114761', 'Броварське РВ ГУ МВС України в Київській обл.', '2009-02-20', 32, 32212000, 'Калита', 'Леніна', '36', '', 10, 'Петрусь Віктор Віталійович.JPG', 'Бюджет'),
(11, '3408715700', 18, 'Чекерис Інга Олександрівна', 'жінка', '1993-04-29', 'СТ', '129060', 'Києво-Святошинський РВГУ України в Київській обл.', '2009-05-22', 32, 32224000, 'Боярка', 'Маяковського', '2', '', 72, 'Чекерис Інга Олександрівна.JPG', 'Бюджет'),
(12, '3381704762', 19, 'Баланчук Юлія Сергіївна', 'жінка', '1992-08-07', 'ТТ', '188193', 'Солом''янським РВ ГУДМС України в м. Києві', '2013-09-19', 18, 18206000, 'Баранівка', 'Незалежності', '6', '', 0, 'Баланчук Юлія Сергіївна.JPG', 'Бюджет'),
(13, '3402409110', 19, 'Герасимчук Дмитро Дмитрович', 'чоловік', '1993-02-25', 'НВ', '547852', 'Старокостянтинівським РВУМВС України в Хмельницькій обл', '2009-12-04', 68, 68108000, 'Старокостянтинів', 'Челюскіна', '1/1', '', 0, 'Герасимчук Дмитро Дмитрович.JPG', 'Бюджет'),
(14, '3413011983', 19, 'Калініна Надія Олександрівна', 'жінка', '1993-06-11', 'НЕ', '589880', 'Христинівський РВГУМВС України в Черкаській обл.', '2009-12-26', 71, 71246000, 'Христинівка', 'Щорса', '2', '', 1, 'Калініна Надія Олександрівна.JPG', 'Бюджет'),
(15, '3393415420', 19, 'Рибачук Ірина Григорівна', 'жінка', '1992-11-27', 'СТ', '130129', 'Ставищенський РВ ГУ МВС України в Рівненській обл.', '2009-06-18', 80, 80389000, 'Солом''янський', 'Радянська', '28', '', 0, 'Рибачук Ірина Григорівна.JPG', 'Бюджет'),
(16, '3390502070', 19, 'Русинчук Вадім Петрович', 'чоловік', '1992-10-29', 'АЮ', '093766', 'Любешівський РВУ МВС України ву Волинській обл.', '2009-02-16', 7, 7231000, 'Щитинь', 'Молодіжна', '2а', '', 0, 'Русинчук Вадім Петрович.JPG', 'Бюджет'),
(17, '3431214253', 19, 'Собченко Іван Васильович', 'чоловік', '1993-12-10', 'ВН', '484324', 'Коростенським МВ УМВС України в Житомирській обл.', '2010-01-09', 18, 18107000, 'Коростень', '1-й Жовтневий', '16', '', 0, 'Собченко Іван Васильович.JPG', 'Бюджет'),
(18, '3395103731', 19, 'Соколовський Микола Богданович', 'чоловік', '1992-12-14', 'НЮ', '206659', 'Тернопільським РВ УМВС в Тернопільській обл.', '2009-12-04', 61, 61101000, 'Тернопіль', 'Урожайна', '9а', '', 0, 'Соколовський Микола Богданович.JPG', 'Бюджет'),
(19, '3401207034', 20, 'Павлюк Ярослав Георгійович', 'чоловік', '1993-02-13', 'КО', '777630', 'Зіньківським РВ ГУМВС України в Полтавській обл.', '2009-02-26', 53, 53213000, 'Зіньків', '6-го вересня', '42', '', 0, 'Павлюк Ярослав Георгійович.JPG', 'Бюджет'),
(20, '3390115728', 20, 'Теслюк Ольга Володимирівна', 'жінка', '1992-10-25', 'НВ', '548054', 'Дунаєвецький РВ УМВС України в Хмельницькій обл.', '2009-12-04', 68, 68218000, 'Маків', 'Фрунзе', '12', '', 5, 'Теслюк Ольга Володимирівна.JPG', 'Бюджет'),
(21, '3417118990', 20, 'Тичина Владислав Вікторович', 'чоловік', '1993-07-22', 'ВН', '469086', 'Коростенський МВ УМВС України в Житомирській обл.', '2009-08-25', 18, 18223000, 'Ришавка', 'Центральна', '26', '', 0, 'Тичина Владислав Вікторович.JPG', 'Бюджет'),
(22, '3411214104', 21, 'Гіндікіна Марія Анатоліївна', 'жінка', '1993-05-24', 'МЕ', '952349', 'Оболонським РУ ГУ МВС України в м Києві', '2009-08-04', 80, 0, 'м.Київ', 'Миколи Краснова', '17', '', 73, 'Гіндікіна Марія Анатоліївна.JPG', 'Бюджет'),
(23, '3417514694', 21, 'Казаков Андрій Васильович', 'чоловік', '1993-07-26', 'МЕ', '955989', 'Дарницький РУ ГУ МВС України в м. Києві', '2009-08-26', 80, 0, 'м.Київ', 'Вишняківська', '12', '', 127, 'Казаков Андрій Васильович.JPG', 'Бюджет'),
(24, '3341213794', 21, 'Коваленко Сергій Анатолійович', 'чоловік', '1991-06-24', 'МЕ', '817114', 'Святошинське РУГУ МВС України в м. Києві', '2007-07-18', 80, 0, 'м.Київ', 'Леся Курбаса', '16', '', 54, 'Коваленко Сергій Анатолійович.JPG', 'Бюджет'),
(25, '3397003593', 21, 'Кравченко Євген Костянтинович', 'чоловік', '1993-01-02', 'ЕВ', '220649', 'Кіровським  ВМ Кіровоградського МВ УМВС України в Кіровоградській обл.', '2009-02-13', 35, 35225000, 'Кіровоград', 'Куроп’ятникова', '23', '2', 7, 'Кравченко Євген Костянтинович.JPG', 'Бюджет'),
(26, '3442107713', 21, 'Крамаренко Станіслав Романович', 'чоловік', '1994-03-29', 'АВ', '895886', 'Ленінським РВ  ВМУ  УМВС України у Вінницькій обл.', '2010-07-12', 5, 5206000, 'Вінниця', 'Стахурського', '64', '', 81, 'Крамаренко Станіслав Романович.JPG', 'Бюджет'),
(27, '3420605678', 21, 'Петренко Олександр Євгенович', 'чоловік', '1993-08-26', 'СТ', '143360', 'Білоцерківський РВ ГУ МВС України в Київській обл.', '2009-10-09', 32, 32204000, 'Узин', 'Фрунзе', '70', '', 76, 'Петренко Олександр Євгенович.JPG', 'Бюджет'),
(28, '3380610215', 21, 'Процько Ігор Володимирович', 'чоловік', '1992-07-22', 'СЮ', '110343', 'Комунарським РВЗМУГУМВС України в Запоріжській обл.', '2008-10-15', 23, 23221000, 'Запоріжжя', 'Новокузнецька', '4', '', 86, 'Процько Ігор Володимирович.JPG', 'Бюджет'),
(29, '3424200518', 21, 'Рибалка Владислав Ігоревич', 'чоловік', '1993-10-01', 'НЕ', '583248', 'Золотоніським МВ УМВС України в Черкаській обл.', '2009-10-06', 71, 71104000, 'Золотоноша', '1-й Благовіщенський', '17', '', 0, 'Рибалка Владислав Ігоревич.JPG', 'Бюджет'),
(30, '3414907392', 21, 'Руденко Сергій Олександрович', 'чоловік', '1993-06-30', 'НМ', '355318', 'Бахмацьким РВ УМВС України в Чернігівській обл.', '2009-08-14', 74, 74203000, 'Бахмач', 'Садова', '13', '', 0, 'Руденко Сергій Олександрович.JPG', 'Бюджет'),
(31, '3401403959', 21, 'Свистільник Андрій Васильович', 'чоловік', '1993-02-15', 'НМ', '347435', 'Деснянським ВМ УМВС України в Чернігівській обл', '2009-04-15', 74, 74101000, 'Чернігів', 'Миру', '197а', '', 49, 'Свистільник Андрій Васильович.JPG', 'Бюджет'),
(32, '3413703296', 21, 'Синявський Борис Олександрович', 'чоловік', '1993-06-18', 'МЕ', '952470', 'Оболонський РВ ГУ МВС України в м.Києві', '2009-08-11', 80, 0, 'м.Київ', 'Мате Залко', '10-б', '', 93, 'Синявський Борис Олександрович.JPG', 'Бюджет'),
(33, '3420809590', 21, 'Тарасов Віктор Денисович', 'чоловік', '1993-08-28', 'МТ', '071094', 'Комінтернівський РВ ХМУ ГУМВС України в  Харківській обл.', '2009-10-05', 63, 63251000, 'Харків', 'Маршала Жукова', '10', '', 127, 'Тарасов Віктор Денисович.JPG', 'Бюджет'),
(34, '3398014374', 21, 'Яременко Роман Ігорович', 'чоловік', '1993-01-12', 'МЕ', '969835', 'Дніпровським РУ ГУ МВс', '2009-11-26', 80, 0, 'м.Київ', 'Тичини', '1', '', 127, 'Яременко Роман Ігорович.JPG', 'Бюджет'),
(35, '3410508933', 16, 'Беженцев Олександр Олександрович', 'чоловік', '1993-05-17', 'СТ', '124321', 'Броварським МВГУ МВС України в Київській обл.', '2009-06-30', 32, 32106000, 'Бровари', 'Гагаріна', '27', '', 123, 'Беженцев Олександр Олександрович.JPG', 'Бюджет'),
(36, '3422806717', 16, 'Велигорський Віталій Юрійович', 'чоловік', '1993-09-17', 'НМ', '362662', 'Деснянським ВМ УМВС України в Чернігівській обл', '2009-12-08', 74, 74101000, 'Чернігів', 'Миру', '247', '', 66, 'Велигорський Віталій Юрійович.JPG', 'Бюджет'),
(37, '3374312792', 16, 'Загородний Євген Васильович', 'чоловік', '1992-05-20', 'МЕ', '882065', 'Подільський РУ ГУ МВС України в м. Києві', '2008-07-19', 80, 0, 'м.Київ', 'Новомостицька', '2-в', '', 61, 'Загородний Євген Васильович.JPG', 'Бюджет'),
(38, '3310613815', 16, 'Конопаткін Денис Анатолійович', 'чоловік', '1990-08-22', 'СТ', '382921', 'Києво-Святошинським РВ УДМС України в Київській області', '2014-06-18', 32, 32224000, 'Вишневе', 'Жовтнева', '17', '', 112, 'Конопаткін Денис Анатолійович.JPG', 'Бюджет'),
(39, '3382904530', 16, 'Мартін Дмитро Валентинович', 'чоловік', '1992-08-14', 'НВ', '510644', 'Кам''янець-Подільським МВ УМВС України в Хмельницькій обл.', '2008-11-07', 68, 68104000, 'Кам''янець-Подільський', 'Соборна', '33', '', 48, 'Мартін Дмитро Валентинович.JPG', 'Контракт'),
(40, '3405710037', 16, 'Могир Олексій Сергійович', 'чоловік', '1993-03-30', 'АВ', '857023', 'Козятинський РВ ГУмвс України в Вінницькій обл.', '2009-06-18', 5, 5214000, 'Козятин', 'Леніна', '37', '', 6, 'Могир Олексій Сергійович.JPG', 'Бюджет'),
(41, '3405105175', 16, 'Попрядухін Дмитро Олександрович', 'чоловік', '1993-03-24', 'АН', '773838', 'Довгинцівським РВ Кривоворізького МУ ГУ МВС України в Дніпропетровській обл.', '2009-03-24', 12, 12218000, 'Кривий Ріг', 'Лісового', '36', '', 102, 'Попрядухін Дмитро Олександрович.JPG', 'Бюджет'),
(42, '3422209758', 16, 'Тихомиров Антон Сергійович', 'чоловік', '1993-09-11', 'НМ', '365686', 'Чернігівським РВ УМВС України в Чернігівській обл.', '2009-12-24', 74, 74255000, 'Киїнка', 'Перемоги', '32', '', 2, 'Тихомиров Антон Сергійович.JPG', 'Контракт'),
(43, '3413716159', 16, 'Шліханов Вадим Сергійович', 'чоловік', '1993-06-18', 'НЕ', '594328', 'Золотоніським МВ ГУ МВС України в Черкаській обл.', '2010-01-30', 71, 71215000, 'Чапаєвка', 'Жовтнева', '92', '', 0, 'Шліханов Вадим Сергійович.JPG', 'Бюджет'),
(44, '3410703070', 22, 'Буза Євген Дмитрович', 'чоловік', '1993-05-19', 'ВК', '607977', 'Кіровським ҐМВ ГУМВС України в Донецькій обл.', '2009-06-10', 14, 14125000, 'Кіровське', 'Асфальтна', '3а', '', 21, 'Буза Євген Дмитрович.JPG', 'Бюджет'),
(45, '3374219851', 22, 'Добреля Олександр Сергійович', 'чоловік', '1992-05-19', 'МЕ', '900499', 'Дніпровським РУГУ МВС України в м.Києві', '2008-09-18', 80, 0, 'м.Київ', 'Воз''єднання', '13а', '', 105, 'Добреля Олександр Сергійович.JPG', 'Бюджет'),
(46, '3426000716', 22, 'Маруняк Віталій Іванович', 'чоловік', '1993-10-19', 'АВ', '878423', 'Мурованокуриловецьким РВ ГУМВС  України у Вінницькій обл.', '2009-11-27', 5, 5228000, 'Муровані Курилівці', 'Гоголя', '31', '', 0, 'Маруняк Віталій Іванович.JPG', 'Бюджет'),
(47, '3350608458', 22, 'Мельник Олексій Валерійович', 'чоловік', '1991-09-26', 'МЕ', '866495', 'Дніпровським РУ ГУ МВС України в м.Києві', '2008-03-06', 80, 0, 'м.Київ', 'Тичини', '6', '', 94, 'Мельник Олексій Валерійович.JPG', 'Бюджет'),
(48, '3425914210', 22, 'Опальнік Олексій Сергійович', 'чоловік', '1993-10-18', 'НЕ', '585010', 'Камянським РВГУМВС України в Черкаській обл.', '2009-12-07', 71, 71218000, 'Кам''янка', 'Першотравнева', '91', '', 0, 'Опальнік Олексій Сергійович.JPG', 'Бюджет'),
(49, '3430200077', 22, 'Цюп''ях Олександр Васильович', 'чоловік', '1993-11-30', 'АЮ', '100943', 'Луцький РВ УМВС України у Волиньській обл.', '2009-12-16', 7, 7228000, 'Зміїнець', 'Качалова', '15', '', 3, 'Цюп''ях Олександр Васильович.JPG', 'Бюджет'),
(50, '3424411836', 22, 'Шубович Ілля Дмитрович', 'чоловік', '1993-10-03', 'СТ', '146192', 'Вишгородським РВГУ МВС України в Київській обл.', '2009-11-25', 32, 32218000, 'Вишгород', 'Шевченка', '3', '', 109, 'Шубович Ілля Дмитрович.JPG', 'Контракт'),
(51, '3376617117', 23, 'Бартош Олексій Олегович', 'чоловік', '1992-06-12', 'ВН', '431462', 'Богунівським РВ УМВС України в Житомирській обл.', '2008-07-26', 18, 18220000, 'Житомир', 'Київська', '11', '', 29, 'Бартош Олексій Олегович.JPG', 'Бюджет'),
(52, '3410314794', 23, 'Дидюк Роман Валерійович', 'чоловік', '1993-05-15', 'МЮ', '221403', 'Сарниниський РВ УМВС України в Рівненській області', '2009-12-11', 80, 0, 'м.Київ', 'Металістів', '8', '', 0, 'Дидюк Роман Валерійович.JPG', 'Бюджет'),
(53, '3356010879', 23, 'Журба Олександр Володимирович', 'чоловік', '1991-11-19', 'НМ', '331823', 'Бахмацькиим РВ УМВС України в Чернігівський обл.', '2008-09-24', 74, 74203000, 'Бахмач', 'Першотравнева', '30', '', 54, 'Журба Олександр Володимирович.JPG', 'Бюджет'),
(54, '3369105838', 23, 'Ростанець Ярослав Васильович', 'чоловік', '1992-03-29', 'МЕ', '877063', 'Оболонським РУ ГУ УМВС  в м. Києві', '2008-05-13', 80, 0, 'м.Київ', 'Героїв Сталінграда', '14-б', '', 127, 'Ростанець Ярослав Васильович.JPG', 'Контракт'),
(55, '3421400112', 24, 'Батяшов Вадим Олександрович', 'чоловік', '1993-09-03', 'СТ', '143243', 'Білоцерківський МВМ №1 ГУ МВС України в Київській обл.', '2009-10-08', 32, 32103000, 'Біла Церква', 'Леваневського', '65', '', 23, 'Батяшов Вадим Олександрович.JPG', 'Бюджет'),
(56, '3444213830', 24, 'Дубровка Роман Ростиславович', 'чоловік', '1994-04-19', 'МЕ', '999399', 'Дніпровським РУ гу МВС України в м.Києві', '2010-05-11', 80, 0, 'м.Київ', 'Дарницький', '4', '', 127, 'Дубровка Роман Ростиславович.JPG', 'Бюджет'),
(57, '3313516297', 24, 'Міщанчук Валерій Павлович', 'чоловік', '1990-09-20', 'АР', '404105', 'Гагарінським РВ УМВС України в м. Севастополі', '2006-10-20', 85, 0, 'м.Севастополь', 'Степаняна', '9', '', 72, 'Міщанчук Валерій Павлович.JPG', 'Контракт'),
(58, '3404812615', 24, 'Пантасенко Володимир Володимирович', 'чоловік', '1993-03-21', 'МЕ', '932378', 'Святошинський РУ ГУ МСВ України в м. Києві', '2009-03-31', 80, 0, 'м.Київ', 'Якуба Коласа', '21', '', 127, 'Пантасенко Володимир Володимирович.JPG', 'Бюджет'),
(59, '3406507884', 24, 'Петрикіна Дар''я Сергіївна', 'жінка', '1993-04-07', 'АР', '434369', 'Гагарінським РВ УМВС України в місті Севастополі', '2009-04-14', 80, 0, 'м.Київ', 'Лобановського', '27', '', 127, 'Петрикіна Дар''я Сергіївна.JPG', 'Бюджет'),
(60, '3440610488', 24, 'Саламатіна Наталя Ігорівна', 'жінка', '1994-03-14', 'ТТ', '006279', 'Дарницький РУ ГУ МВС України в м. Києві', '2010-06-24', 80, 0, 'м.Київ', 'Вербицького', '36', '', 127, 'Саламатіна Наталя Ігорівна.JPG', 'Бюджет'),
(61, '3340117930', 24, 'Ткач Антон Олександрович', 'чоловік', '1991-06-13', 'СТ', '23756', 'Бориспільським МВ ГУ МВС України в Київській обл.', '2008-06-05', 32, 32105000, 'Бориспіль', 'Головатого', '6', '', 107, 'Ткач Антон Олександрович.JPG', 'Бюджет'),
(62, '3358406530', 25, 'Ісаков Денис Миколайович', 'чоловік', '1991-12-13', 'МВ', '373611', 'Кролевецьким РВ УВМС України в Сумській обл.', '2200-12-01', 80, 0, 'м.Київ', 'Героїв Космосу', '19-в', '', 31, 'Ісаков Денис Миколайович.JPG', 'Бюджет'),
(63, '3425612853', 25, 'Пікуль Денис Сергійович', 'чоловік', '1993-10-15', 'ВН', '472448', 'Королёвський РВ УМВС Жітомірська обл.', '2009-11-21', 18, 18220000, 'Житомир', 'Шевченка', '102', '', 127, 'Пікуль Денис Сергійович.JPG', 'Бюджет'),
(64, '3417715479', 25, 'Редванський Юрій Валерійович', 'чоловік', '1993-07-28', 'НЕ', '589562', 'Жашківським РВГУМВС України в Черкаській обл.', '2010-01-19', 71, 71209000, 'Пугачівка', 'Щорса', '10', '', 0, 'Редванський Юрій Валерійович.JPG', 'Бюджет'),
(65, '3389416017', 25, 'Скопець Володимир В''ячеславович', 'чоловік', '1992-10-18', 'НМ', '361029', 'Козелецьким РВ УМВС України в Чернігівській обл.', '2009-10-27', 74, 74220000, 'Козелець', 'Ватутіна', '8', '', 0, 'Скопець Володимир В''ячеславович.JPG', 'Бюджет'),
(66, '3399013139', 25, 'Ткаченко Костянтин Олександрович', 'чоловік', '1993-01-22', 'МЕ', '928650', 'Дарницьким РУГУ МВС України в м. Києві', '2009-02-11', 80, 0, 'м.Київ', 'Соломії Крушельницької', '3', '', 37, 'Ткаченко Костянтин Олександрович.JPG', 'Бюджет'),
(67, '3398700039', 25, 'Тодоренко Данило Олексійович', 'чоловік', '1993-01-19', 'АР', '434099', 'Гагарінський  РВУМВС  України в м. Севастополь', '2009-03-06', 85, 0, 'м.Севастополь', 'Гагаріна', '23', '', 5, 'Тодоренко Данило Олексійович.JPG', 'Бюджет'),
(68, '3431110218', 25, 'Худяков Павло Сергійович', 'чоловік', '1993-12-09', 'СТ', '155791', 'Києво-Святошинським РУ ГУ МВС України в Київській обл.', '2010-02-13', 32, 32224000, 'Гореничі', 'Цвіткова', '8', '', 4, 'Худяков Павло Сергійович.JPG', 'Бюджет'),
(69, '3334014410', 25, 'Шевчук Юрій Володимирович', 'чоловік', '1991-04-13', 'ВН', '391272', 'Ружинським РВ УМВС України в Житомирській обл.', '2007-05-31', 80, 80389000, 'Солом''янський', 'Меблева', '2', '', 15, 'Шевчук Юрій Володимирович.JPG', 'Бюджет'),
(70, '3388503290', 25, 'Яцун Денис Валентинович', 'чоловік', '1992-10-09', 'СТ', '111037', 'Богуславським РО ГУ МВД України в Київській області', '2009-02-05', 32, 32206000, 'Мисайлівка', 'Сливова', '12', '', 0, 'Яцун Денис Валентинович.JPG', 'Бюджет'),
(71, '3410603850', 25, 'Ящук Андрій Федорович', 'чоловік', '1993-05-18', 'МЕ', '965690', 'Шевченківським РУ ГУ МВУС України в  в м. Києві', '2009-11-12', 80, 0, 'м.Київ', 'Довженка', '14', '', 127, 'Ящук Андрій Федорович.JPG', 'Бюджет'),
(72, '3399212535', 26, 'Бурдаєв Єгор Євгенійович', 'чоловік', '1993-01-24', 'НЕ', '557737', 'Соснівський РВ УМВС України в Черкаській області', '2009-02-12', 71, 71249000, 'Черкаси', 'Десантників', '10', '', 37, 'Бурдаєв Єгор Євгенійович.JPG', 'Бюджет'),
(73, '3401206130', 26, 'Вовк Дмитро Володимирович', 'чоловік', '1993-02-13', 'СТ', '106918', 'Білоцерківським РВ ГУ МВС України в Київській обл.', '2009-03-26', 32, 32204000, 'Узин', 'Фрунзе', '56', '', 48, 'Вовк Дмитро Володимирович.JPG', 'Бюджет'),
(74, '3434909622', 26, 'Волкова Юлія Олександрівна', 'жінка', '1994-01-16', 'МЕ', '975701', 'Печерським РУ ГУ МВС України в м. Києві', '2010-01-29', 32, 32112000, 'Фастів', 'Червоноармійська', '38', '', 7, 'Волкова Юлія Олександрівна.JPG', 'Бюджет'),
(75, '3416302297', 26, 'Євтух Володимир Михайлович', 'чоловік', '1993-07-14', 'КС', '739844', 'Сокальським РВ ГУ МВС України у Львівській обл.', '2010-01-02', 46, 46248000, 'Добрячин', 'Червоноградська', '23', '', 0, 'Євтух Володимир Михайлович.JPG', 'Бюджет'),
(76, '3365408739', 26, 'Кудлай Олександр Анатолійович', 'чоловік', '1992-02-21', 'СТ', '140836', 'Бердичівським МВ УМВС України в Житомирській обл', '2009-09-22', 18, 18104000, 'Бердичів', 'Котляревського', '6', '', 8, 'Кудлай Олександр Анатолійович.JPG', 'Бюджет'),
(77, '3373103954', 26, 'Наумов Євген Володимирович', 'чоловік', '1992-05-08', 'ЕН', '672183', 'Северодонецьким МВ УМВС України в Луганській обл.', '2008-10-08', 44, 44129000, 'Сєвєродонецьк', 'Енергетиків', '8', '', 59, 'Наумов Євген Володимирович.JPG', 'Бюджет'),
(78, '3390213073', 26, 'Потапов Роман Русланович', 'чоловік', '1992-10-26', 'АВ', '833849', 'Крижопільский РВ УМВС України у Вінницькій області', '2008-11-10', 5, 5219000, 'Соколівка', 'Терешкова', '58', '', 0, 'Потапов Роман Русланович.JPG', 'Бюджет'),
(79, '3346506377', 26, 'Разумейко Тимур Костянтинович', 'чоловік', '1991-08-16', 'СЮ', '078182', 'Хортицьким Рв умвс України в Запорізькій обл.', '2008-02-14', 23, 23221000, 'Запоріжжя', 'Калнишевського', '18', '', 127, 'Разумейко Тимур Костянтинович.JPG', 'Бюджет'),
(80, '3398016653', 26, 'Роземборський Вадим Миколайович', 'чоловік', '1993-01-12', 'НВ', '528376', 'Кам"янець-Подільським МВ УМВС України в Хмельницькій обл', '2009-05-27', 68, 68224000, 'Фурманівка', 'Ворошилова', '17', '', 0, 'Роземборський Вадим Миколайович.JPG', 'Бюджет'),
(81, '3432703079', 26, 'Титарчук Сергій Олександрович', 'чоловік', '1993-12-25', 'АВ', '886973', 'Ленінським РВ ВМУ УМВС України у Вінницький обл.', '2010-03-01', 5, 5206000, 'Вінниця', 'Стакурського', '2-а', '', 114, 'Титарчук Сергій Олександрович.JPG', 'Бюджет'),
(82, '3421112712', 27, 'Бабчинський Антон Андрійович', 'чоловік', '1993-08-31', 'СТ', '144343', 'Баришівський РВ ГУ МВС України в Київській обл.', '2009-10-01', 32, 32104000, 'Березань', 'Леніна', '165', '', 0, 'Бабчинський Антон Андрійович.JPG', 'Бюджет'),
(83, '3425612677', 27, 'Басюк Андрій Олександрович', 'чоловік', '1993-10-15', 'СТ', '149647', 'Переяслав-Хмельницьким МРВГУ МВС України в Київській обл.', '2009-11-30', 32, 32110000, 'Переяслав-Хмельницький', 'Осіння', '89', '', 0, 'Басюк Андрій Олександрович.JPG', 'Бюджет'),
(84, '3408608035', 27, 'Гріховод Олексій Олексійович', 'чоловік', '1993-04-28', 'МР', '294417', 'Дніпровське ВМ УМВС України в Херсонській обл.', '2009-07-15', 65, 0, 'Херсон', 'Східна 3', '4', '', 0, 'Гріховод Олексій Олексійович.JPG', 'Бюджет'),
(85, '3411302016', 27, 'Давиденко Владислав Вікторович', 'чоловік', '1993-05-25', 'ТТ', '082902', 'ТУМ Солом''янського РУ ГУ МВС України в м.Києві', '2011-10-13', 74, 74217000, 'Ічня', 'Леніна', '42', '', 28, 'Давиденко Владислав Вікторович.JPG', 'Бюджет'),
(86, '3423814559', 27, 'Данильчук Володимир Анатолійович', 'чоловік', '1993-09-27', 'ВМ', '474264', 'Ємільчинським РВ УМВС України в Житомирській обл.', '2009-12-04', 18, 18217000, 'Сербо-Слобідка', 'Лугова', '3', '', 0, 'Данильчук Володимир Анатолійович.JPG', 'Бюджет'),
(87, '3418506333', 27, 'Деркач Іван Євгенович', 'чоловік', '1993-08-05', 'ЕР', '379547', 'Ленінським РВММУ УМВС України в Миколаївській обл', '2010-02-23', 48, 48242000, 'Миколаїв', 'Металістів', '5', '', 10, 'Деркач Іван Євгенович.JPG', 'Бюджет'),
(88, '3432006175', 27, 'Кошовий Віталій Олегович', 'чоловік', '1993-12-18', 'НЕ', '592658', 'Ватутінським МВ ГУМВС України в Черкаській обл.', '2010-03-04', 71, 71102000, 'Ватутіне', 'Залізнична', '97', '', 112, 'Кошовий Віталій Олегович.JPG', 'Бюджет'),
(89, '3396915439', 27, 'Попіка Вячеслав Володимирович', 'чоловік', '1993-01-01', 'АЮ', '093364', 'Ковельським МРВ УМВС України у Волинській обл.', '2009-03-16', 7, 7104000, 'Ковель', 'Толстого', '6', '', 0, 'Попіка Вячеслав Володимирович.JPG', 'Бюджет'),
(90, '3325410373', 27, 'Попов Антон Володимирович', 'чоловік', '1991-01-17', 'МЕ', '814511', 'Оболонським РУ ГУ МВС України в м Києві', '2007-03-29', 80, 0, 'м.Київ', 'Бережанська', '16-а', '', 14, 'Попов Антон Володимирович.JPG', 'Бюджет'),
(91, '3357613794', 27, 'Рибачко Сергій Сергійович', 'чоловік', '1991-12-05', 'НМ', '304525', 'Носівський РВ УМВС України в Чернігівській обл.', '2007-12-05', 74, 74238000, 'Носівка', 'Пархоменка', '53', '', 0, 'Рибачко Сергій Сергійович.JPG', 'Бюджет'),
(92, '3408208638', 27, 'Семенюта Олександр Сергійович', 'чоловік', '1993-04-24', 'АВ', '857631', 'Ленінський РВ ВМУ УМВС України у Вінницькій області', '2009-06-01', 5, 5206000, 'Вінниця', 'Келецька', '59', '', 93, 'Семенюта Олександр Сергійович.JPG', 'Бюджет'),
(93, '3431206631', 27, 'Шатілов Валентин Євгенович', 'чоловік', '1993-12-10', 'МЕ', '974403', 'Голосіївським РУГУМВС України в м.Києві', '2009-12-17', 80, 0, 'м.Київ', 'Науки', '9', '', 29, 'Шатілов Валентин Євгенович.JPG', 'Бюджет'),
(94, '3439616356', 28, 'Бабенко Віктор Володимирович', 'чоловік', '1994-03-04', 'СТ', '272189', 'Бориспільським МВ ГУ МВС України в Київській області', '2010-02-20', 32, 32105000, 'м. Бориспіль', 'вул. Завокзальна', '7а', '', 17, 'Бабенко Віктор Володимирович.JPG', 'Бюджет'),
(95, '3496010996', 28, 'Бабич Олександр Вікторович', 'чоловік', '1995-09-19', 'НМ', '410558', 'Козелецьким РВ УМСВ України в Чернігівській обл.', '2026-10-20', 74, 74220000, 'с. Десна', 'вул.Франка', '32', '', 15, 'Бабич Олександр Вікторович.JPG', 'Бюджет'),
(96, '3467309091', 28, 'Бояр Роман Васильович', 'чоловік', '1994-12-06', 'МЮ', '263552', 'Гощанський РВ УМВС України в Рівненській обл.', '2014-03-20', 56, 56212000, 'с. Посягва', 'Молодіжна', '5', '', 0, 'Бояр Роман Васильович.JPG', 'Бюджет'),
(97, '3493008813', 28, 'Гонтар Олексій Сергійович', 'чоловік', '1995-08-20', 'ТТ', '078023', 'Святошинським  РУ ГУ МВС України в м. Києві', '2027-09-20', 80, 80386000, 'м. Київ', 'вул. Вузівська', '5', '', 127, 'Гонтар Олексій Сергійович.JPG', 'Бюджет'),
(98, '3498409572', 28, 'Доліч Денис Олегович', 'чоловік', '1995-10-13', 'МЮ', '281535', 'Рівненським МВ УМВС України в Рівненській області', '2023-11-20', 56, 56101000, 'м. Рівне', 'Соборна', '260', '', 5, 'Доліч Денис Олегович.JPG', 'Бюджет'),
(99, '3473306134', 28, 'Ігнатенко Владислав Володимирович', 'чоловік', '1995-02-04', 'МВ', '469200', 'Охтирський МВ ГУМВС України в Сумській обл.', '2011-04-20', 59, 59203000, 'с. Жовтневе', 'Жовтнева', '20', '', 0, 'Ігнатенко Владислав Володимирович.JPG', 'Бюджет'),
(100, '3440908937', 28, 'Коваль Олег Олександрович', 'чоловік', '1994-03-17', 'СТ', '172062', 'Бориспільським МВ ГУ МВС України в Київській області', '2015-04-20', 32, 32208000, 'c. Гора', 'вул. Кірова', '4', '', 0, 'Коваль Олег Олександрович.JPG', 'Бюджет'),
(101, '3491413664', 28, 'Компель Марина Олександрівна', 'жінка', '1995-08-04', 'ТТ', '072680', 'Дарницький РУ ГУ МВС України в місті Києві', '2013-08-20', 80, 80363000, 'Київ', 'вул. Ревуцького', '44', '', 127, 'Компель Марина Олександрівна.JPG', 'Бюджет'),
(102, '3435012355', 28, 'Корж Анатолій Олексійович', 'чоловік', '1994-01-17', 'НМ', '375268', 'Корюківським РВ УМВС України в Чернігівській обл.', '2020-05-20', 74, 74224000, 'с. Олександрівка', 'вул. Миру', '19', '', 0, 'Корж Анатолій Олексійович.JPG', 'Бюджет'),
(103, '3492813305', 28, 'Лузіна Мирослава Євгеніївна', 'жінка', '1995-08-18', 'ВН', '544900', 'Олевським РВ УМВС України в Житомирській обл.', '2030-11-20', 18, 18244000, 'Олевськ', 'Промислова', '50', '', 0, 'Лузіна Мирослава Євгеніївна.JPG', 'Бюджет'),
(104, '3457507679', 28, 'Марушевський Богдан Олегович', 'чоловік', '1994-08-30', 'ТТ', '016511', 'Голосіївським РУ ГУ МВС України в м. Києві', '2017-09-20', 80, 80361000, 'м. Київ', 'вул. Лабораторна', '14', '', 34, 'Марушевський Богдан Олегович.JPG', 'Бюджет'),
(105, '3403715492', 28, 'Ніколенко Віталій Станіславович', 'чоловік', '1993-03-10', 'СТ', '130311', 'Тетіївським РВ ГУ МВС України в Київській області', '2019-06-20', 32, 32246000, 'с. Денихівка', 'вул. Польова', '2', '', 0, 'Ніколенко Віталій Станіславович.JPG', 'Бюджет'),
(106, '3459008056', 28, 'Хлобистін Сергій Олександрович', 'чоловік', '1994-09-14', 'АВ', '924059', 'Козятинським РВ УМВС України в Вінницькій обл.', '2018-11-20', 5, 5114000, 'м.Козятин', 'вул.Катукова', '39', '', 32, 'Хлобистін Сергій Олександрович.JPG', 'Бюджет'),
(107, '3469007977', 28, 'Яременко Андрій Миколайович', 'чоловік', '1994-12-23', 'СТ', '250776', 'Бориспільським МВ ГУ МВС України в Київській області', '2022-04-20', 32, 32105000, 'м. Бориспіль', 'вул. Л. Толстого', '52', '', 0, 'Яременко Андрій Миколайович.JPG', 'Бюджет'),
(108, '3463608675', 13, 'Денисенко Роман Олегович', 'чоловік', '1994-10-30', 'СТ', '250206', 'Бориспільським МВ ГУ МВС України в Київській області', '2001-02-20', 32, 32105000, 'м. Бориспіль', 'вул. Радгоспна', '6', '', 88, 'Денисенко Роман Олегович.JPG', 'Бюджет'),
(109, '3458002275', 13, 'Зубко Олексій Олександрович', 'чоловік', '1994-09-04', 'СТ', '228697', 'Бородянським РВ ГУ МВС України в Київскій області', '2005-11-20', 32, 32210000, 'смт. Бородянка', 'вул. Котовського', '15', '', 0, 'Зубко Олексій Олександрович.JPG', 'Бюджет'),
(110, '3493702370', 13, 'Ковач Олександр Вікторович', 'чоловік', '1995-08-27', 'ВР', '472095', 'Мукачівським МВ УМВС України в Закарпатській області', '2001-02-20', 21, 21227000, 'Мукачеве', 'Берегівська', '28Б', '', 29, 'Ковач Олександр Вікторович.JPG', 'Бюджет'),
(111, '3495700620', 13, 'Кулик Вікторія Олександрівна', 'жінка', '1995-09-16', 'АН', '999420', 'Марганецьким МВГУМВС України в Дніпропетровській області', '2003-11-20', 12, 12113000, 'Марганець', 'Київська', '153', '', 21, 'Кулик Вікторія Олександрівна.JPG', 'Бюджет'),
(112, '3450911315', 13, 'Максимець Денис Володимирович', 'чоловік', '1994-06-25', 'ТТ', '007310', 'Деснянський РУ ГУ МВС України у м. Києві', '2001-07-20', 80, 80364000, 'м.Київ', 'вул. Милославська', '31', '', 127, 'Максимець Денис Володимирович.JPG', 'Бюджет'),
(113, '3454910436', 13, 'Мариніч Андрій Григорович', 'чоловік', '1994-08-04', 'СТ', '228638', 'Бородянським РВ ГУ МВС України в Київській області', '2005-11-20', 32, 32210000, 'смт. Клавдієво', 'вул. Пролетарська', '59-А', '', 0, 'Мариніч Андрій Григорович.JPG', 'Бюджет'),
(114, '3489009534', 13, 'Озірний Сергій Русланович', 'чоловік', '1995-07-11', 'СТ', '239147', 'Васильківським МВ ГУ МВС України в Київській обл.', '2019-07-20', 32, 32107000, 'м. Васильків', 'вул. Фрунзе', '46', '', 22, 'Озірний Сергій Русланович.JPG', 'Бюджет'),
(115, '3450012158', 13, 'П''ятов Сергій Валентинович', 'чоловік', '1994-06-16', 'СТ', '231512', 'Макарівським РВ ГУ МВС України в Київській обл.', '2022-12-20', 80, 80389000, 'м. Київ', 'пр. Комарова', '17-А', '', 36, 'П''ятов Сергій Валентинович.JPG', 'Бюджет'),
(116, '3441903858', 13, 'Палівода Олексій Валерійович', 'чоловік', '1994-03-27', 'СТ', '170852', 'Броварським МВ ГУ МВС України в Київській обл.', '2019-05-20', 32, 32212000, 'м. Семиполки', 'вул. Гвардійська', '82', '', 48, 'Палівода Олексій Валерійович.JPG', 'Бюджет'),
(117, '3488415095', 13, 'Сакір Сергій Олександрович', 'чоловік', '1995-07-05', 'СТ', '277051', 'Вишгородський РВ ГУ МВС України в Київській області', '2021-09-20', 32, 32218000, 'Вишгород', 'Набережна', '22', '', 6, 'Сакір Сергій Олександрович.JPG', 'Бюджет'),
(118, '3422007110', 13, 'Серкіз Віталій Олександрович', 'чоловік', '1993-09-09', 'МЕ', '946353', 'Голосіївський РУ ГУМВС України в місті Києві', '2024-09-20', 71, 71257000, 'м. Шпола', 'вул. Піонерська', '77-а', '', 46, 'Серкіз Віталій Олександрович.JPG', 'Бюджет'),
(119, '3475902393', 13, 'Скляренко Євгеній Олександрович', 'чоловік', '1995-03-02', 'КО', '851774', 'Лубенським МВ УМВС України в Полтавській обл.', '2002-03-20', 53, 53107000, 'м. Лубни', 'вул. Комсомольська', '6', '', 29, 'Скляренко Євгеній Олександрович.JPG', 'Бюджет'),
(120, '3460509817', 13, 'Чеботар Дмитро Юрійович', 'чоловік', '1994-09-29', 'ЕР', '401894', 'Первомайським МВ УМВС України в Миколаївській обл.', '2001-12-20', 48, 48254000, 'Степківка', 'Шкурка', '22', '', 0, 'Чеботар Дмитро Юрійович.JPG', 'Бюджет'),
(121, '3410516379', 13, 'Шунков Віталій Валентинович', 'чоловік', '1993-05-17', 'МЕ', '942388', 'ТУМ Солом''янського РУ ГУМВС України в місті Києві', '2016-07-20', 80, 80389000, 'м. Київ', 'вул. Бориславська', '52', '', 11, 'Шунков Віталій Валентинович.JPG', 'Бюджет'),
(122, '3440103873', 15, 'Данилик Ярослав Валентинович', 'чоловік', '1994-03-09', 'АЮ', '115432', 'Любешівським РВ УМВС України у Волинській області', '2027-07-20', 7, 7231000, 'с. Цир', 'вул. Берегова', '27', '', 0, 'Данилик Ярослав Валентинович.JPG', 'Бюджет'),
(123, '3453614064', 15, 'Єрьоменко Гуллєр Палташівна', 'жінка', '1994-07-22', 'ЕВ', '291000', 'Олександрійським РВУМВС України в Кіровоградській обл.', '2010-10-20', 35, 35203000, 'смт. Нова Прага', 'вул. Паризької Комуни', '57', '', 0, 'Єрьоменко Гуллєр Палташівна.JPG', 'Бюджет'),
(124, '3430205399', 15, 'Клімук Олександр Олександрович', 'чоловік', '1993-11-30', 'АР', '442026', 'Нахімовський РВ УМВС України в м. Севастополь', '2025-12-20', 85, 85369000, 'м. Севастополь', 'Фільченка', '92', '', 0, 'Клімук Олександр Олександрович.JPG', 'Бюджет'),
(125, '3480214936', 15, 'Крамаренко Максим Сергійович', 'чоловік', '1995-04-14', 'ТТ', '103082', 'Оболонським РУ ГУ МВС України в м. Києві', '2009-02-20', 80, 80380000, 'м. Київ', 'вул. Героїв Сталінграду', '44', '', 127, 'Крамаренко Максим Сергійович.JPG', 'Бюджет'),
(126, '3479914044', 15, 'Левченко Марія Дмитрівна', 'жінка', '1995-04-11', 'І-КИ', '302414', '_', '0000-00-00', 12, 12218000, 'м. Кривий Ріг', 'вул. Тинка', '23', '', 29, 'Левченко Марія Дмитрівна.JPG', 'Бюджет'),
(127, '3472405656', 15, 'Лутченко Максим Володимирович', 'чоловік', '1995-01-26', 'КС', '824592', 'Жовківським РВ ГУМВС України у Львівській області', '2025-07-20', 18, 18220000, 'м. Житомир', 'вул. Жукова', '11', '', 10, 'Лутченко Максим Володимирович.JPG', 'Бюджет'),
(128, '3464814271', 15, 'Мільштейн Роман Сергійович', 'чоловік', '1994-11-11', 'ТТ', '043796', 'Деснянським РУ ГУ МВС України в м.Києві', '2003-02-20', 80, 80364000, 'м. Київ', 'пр. Лісовий', '20', '', 111, 'Мільштейн Роман Сергійович.JPG', 'Бюджет'),
(129, '3436913577', 15, 'Ничипорук Віталій Віталійович', 'чоловік', '1994-02-05', 'АЮ', '125142', 'Володимир-Волинським МВУМВС України у Волинській області', '2031-03-20', 7, 7102000, 'м. Володимир-Волинський', 'вул. Берегового', '14', '', 0, 'Ничипорук Віталій Віталійович.JPG', 'Бюджет'),
(130, '3462209466', 15, 'Рибачук Анна Григорівна', 'жінка', '1994-10-16', 'СТ', '229781', 'Ставищенський РВ ГУ МВС у Київській обл.', '2019-11-20', 32, 32242000, 'с. Стрижавка', 'вул. Радянська', '28', '', 0, 'Рибачук Анна Григорівна.JPG', 'Бюджет'),
(131, '3487400067', 15, 'Санько Олена Констянтинівна', 'жінка', '1995-06-25', 'СТ', '278607', 'Баширівським РВ ГУ МВС України в Київській обл.', '2011-10-20', 32, 32202000, 'с. Рудницьке', 'вул. Дружби Народів', '2', '', 0, 'Санько Олена Констянтинівна.JPG', 'Бюджет');
INSERT INTO `card` (`id`, `ipn`, `group_id`, `student_name`, `sex`, `birthday`, `seria`, `number`, `issued_by`, `issued_date`, `region`, `district`, `city`, `street`, `house`, `building`, `flat`, `photo`, `payment`) VALUES
(132, '3464603766', 15, 'Сачік Катерина Олександрівна', 'жінка', '1994-11-09', 'ЕР', '410550', 'Южноукраїнським МВУМВС України в Миколаївській обл.', '2011-01-20', 48, 48108000, 'м. Южноукраїнськ', 'вул. Дружби народів', '4', '', 29, 'Сачік Катерина Олександрівна.JPG', 'Бюджет'),
(133, '3499005791', 15, 'Снісар Антон Віталійович', 'чоловік', '1995-10-19', 'СТ', '287544', 'Баришивським РВ Гу МВС України в Київській обл.', '2005-01-20', 32, 32104000, 'м. Березань', 'вул. Щорса', '1', '', 12, 'Снісар Антон Віталійович.JPG', 'Бюджет'),
(134, '3480412396', 15, 'Солодкий Богдан Миколайович', 'чоловік', '1995-04-16', 'НВ', '599296', 'Полонським РВ УМВС України в Хмельницькій обл.', '2006-05-20', 68, 68236000, 'м. Полонне', 'вул. Рибалка', '77', '', 0, 'Солодкий Богдан Миколайович.JPG', 'Бюджет'),
(135, '3498806083', 15, 'Ступаренко Анастасія Валентинівна', 'жінка', '1995-10-17', 'ТТ', '095129', 'Шевченківський РУ ГУ МВС України в місті Києві', '2006-12-20', 80, 80391000, 'Київ', 'Борщагівська', '16', '', 36, 'Ступаренко Анастасія Валентинівна.JPG', 'Бюджет'),
(136, '3432810093', 15, 'Цимбал Анатолій Сергійович', 'чоловік', '1993-12-26', 'МР', '312701', 'Каховським РВ УМВС України в Херсонській обл.', '2008-04-20', 32, 32204000, 'с.Фурси', 'Комсомольська', '23', '', 10, 'Цимбал Анатолій Сергійович.JPG', 'Бюджет'),
(137, '3433715596', 3, 'Верченко Олексій Сергійович', 'чоловік', '1994-01-04', 'СТ', '154975', 'Бориспільським МВ ГУ МВС України в Київській області', '2030-03-20', 32, 32105000, 'м. Бориспіль', 'вул. Київський шлях', '2/4', '', 87, 'Верченко Олексій Сергійович.JPG', 'Бюджет'),
(138, '3494108312', 3, 'Герасименко Богдан Юрійович', 'чоловік', '1995-08-31', 'АН', '991859', 'Орджонікідзевський МВ ГУ МВС України в Дніпропетровській обл.', '2015-11-20', 12, 12121000, 'Орджонікідзе', 'Шатохіна', '7', '', 45, 'Герасименко Богдан Юрійович.JPG', 'Бюджет'),
(139, '3471507496', 3, 'Глушан Андрій Анатолійович', 'чоловік', '1995-01-17', 'МВ', '463794', 'Конотопський МВ УМВС України в Сумській обл.', '2011-02-20', 59, 59220000, 'с. Підлипне', 'I пров. Петровського', '6', '', 0, 'Глушан Андрій Анатолійович.JPG', 'Бюджет'),
(140, '3463313740', 3, 'Задорожна Олександра Олександрівна', 'жінка', '1994-10-27', 'АН', '975372', 'Заводський РВ Дніпродзержинського МУ ГУ МВС України в Дніпропетровській обл.', '2031-08-20', 12, 12104369, 'Дніпродзержинськ', 'Маяковського', '74', '', 1, 'Задорожна Олександра Олександрівна.JPG', 'Бюджет'),
(141, '3438106997', 3, 'Коваленко Сергій Миколайович', 'чоловік', '1994-02-17', 'НЕ', '632505', 'Шполянським РВ УМВС України в Черкаській обл.', '2009-06-20', 71, 71257000, 'м. Шпола', 'вул. Берегова', '29', '', 0, 'Коваленко Сергій Миколайович.JPG', 'Бюджет'),
(142, '3484300438', 3, 'Красновид Олександр Валентинович', 'чоловік', '1995-05-25', 'НМ', '406394', 'Ніжинський МВ УМВС Укпраїни в Черкаській обл.', '2002-09-20', 74, 74104000, 'м. Ніжин', '3-й мікрорайон', '4', '', 78, 'Красновид Олександр Валентинович.JPG', 'Бюджет'),
(143, '3466709134', 3, 'Махно Костянтин Миколайович', 'чоловік', '1994-11-30', 'АН', '929887', 'Синельниківським МВ ГУМВС України в Дніпропетровській обл.', '2016-12-20', 12, 12130000, 'м. Синельникове', 'вул.Червоноармійська', '2', '', 0, 'Махно Костянтин Миколайович.JPG', 'Бюджет'),
(144, '3459704897', 3, 'Петриченко Михайло Олегович', 'чоловік', '1994-09-21', 'НМ', '385902', 'Козелецьким РВ УМВС України в Чернігівській обл.', '2002-11-20', 74, 74220000, 'смт. Козелець', 'вул. Комсомольська', '67', '', 13, 'Петриченко Михайло Олегович.JPG', 'Бюджет'),
(145, '3461700119', 3, 'Пісоцький Ігор Вадимович', 'чоловік', '1994-10-11', 'НМ', '384542', 'Ніжинський МВ УМВС України в Чернігівській області', '2002-11-20', 74, 74104000, 'Ніжин', 'провулок Інститутський', '6', '', 19, 'Пісоцький Ігор Вадимович.JPG', 'Бюджет'),
(146, '3498606233', 3, 'Половко Олег Сергійович', 'чоловік', '1995-10-15', 'НМ', '412880', 'Ічнянським РВ УМВС України в Чернігівській обл.', '2013-11-20', 74, 74217000, 'м. Ічня', 'вул. Козацька', '12', '', 0, 'Половко Олег Сергійович.JPG', 'Бюджет'),
(147, '3494606978', 3, 'Савенко Олексій Анатолійович', 'чоловік', '1995-09-05', 'СЮ', '226161', 'Дніпрорудненський МВМ Василівського РВ ГУМВС України в Запорізькій обл.', '2007-09-20', 23, 23209000, 'с. Балки', 'вул. Садова', '186', '', 0, 'Савенко Олексій Анатолійович.JPG', 'Бюджет'),
(148, '3485115171', 3, 'Савченко Богдан Вікторович', 'чоловік', '1995-06-02', 'МЕ', '641313', 'Маньківським РВ УМВС України в Черкаській обл.', '2003-12-20', 71, 71231000, 'смт. Маньківка', 'вул. Молодіжна', '45', '', 0, 'Савченко Богдан Вікторович.JPG', 'Бюджет'),
(149, '3488811064', 3, 'Стефанишина Юлія Ігорівна', 'жінка', '1995-07-09', 'ТТ', '066699', 'Оболонським РУ ГУ МВС України в м. Києві', '2021-07-20', 80, 80380000, 'м. Київ', 'вул. Північна', '2/58', '', 43, 'Стефанишина Юлія Ігорівна.JPG', 'Бюджет'),
(150, '3450709338', 3, 'Теренчук Вячеслав Валерійович', 'чоловік', '1994-06-23', 'ТТ', '007975', 'Подільським РУ ГУ МВС України в м. Києві', '2022-07-20', 80, 80385000, 'м. Київ', 'пр. Свободи', '3', '', 123, 'Теренчук Вячеслав Валерійович.JPG', 'Бюджет'),
(151, '3478303226', 3, 'Тимощук Юлія Іванівна', 'жінка', '1995-03-26', 'ВН', '524591', 'Любарський РВ УМВС України у Житомирській обл.', '2030-06-20', 18, 18231000, 'с. Мотовилівка', 'вул. Лесі Українки', '37', '', 0, 'Тимощук Юлія Іванівна.JPG', 'Бюджет'),
(152, '3495212070', 3, 'Шульгін Володимир Юрійович', 'чоловік', '1995-09-11', 'ЕТ', '300259', 'Керченським МУ ГУМВС в АР Крим', '2013-09-20', 1, 1112000, 'Керч', 'Будьоного', '19', '', 127, 'Шульгін Володимир Юрійович.JPG', 'Бюджет'),
(153, '3478400163', 4, 'Бабайлова Єкатєріна Юріївна', 'жінка', '1995-03-27', 'ТТ', '048221', 'Печерським РУ ГУ МВС України в м. Києві', '2020-12-20', 80, 80382000, 'м.Київ', 'бульвар Дружби Народів', '14', '', 36, 'Бабайлова Єкатєріна Юріївна.JPG', 'Бюджет'),
(154, '3463412950', 4, 'Баліцький Олександр Миколайович', 'чоловік', '1994-10-28', 'ВН', '515724', 'Чуднівським РВ УМВС України в Житомирській обл.', '2029-01-20', 18, 18258000, 'смт. Чуднів', 'вул. Л. Українки', '21а', '', 0, 'Баліцький Олександр Миколайович.JPG', 'Бюджет'),
(155, '3420907028', 4, 'Грабевник Ксенія Василівна', 'жінка', '1993-08-29', 'КС', '757459', 'Бориславський МВ ГУМВС України у Львівській обл.', '2023-02-20', 46, 46103000, 'м. Борислав', 'вул. Шевченка', '20', '', 15, 'Грабевник Ксенія Василівна.JPG', 'Бюджет'),
(156, '3473502018', 4, 'Денисенко Олександр Сергійович', 'чоловік', '1995-02-06', 'СТ', '233542', 'Білоцерківським МВМ №1 ГУ МВС України в Київській області', '2024-03-20', 32, 32103000, 'м. Біла Церква', 'вул. Таращанська', '161', '', 127, 'Денисенко Олександр Сергійович.JPG', 'Бюджет'),
(157, '3458113273', 4, 'Ляшук Владислав Олегович', 'чоловік', '1994-09-05', 'ТТ', '026530', 'Дніпровське РУ ГУ МВС України в місті Києві', '2017-11-20', 80, 80366000, 'м. Київ', 'А. Малишка', '19а', '', 127, 'Ляшук Владислав Олегович.JPG', 'Бюджет'),
(158, '3422813773', 4, 'Моцарський Віктор Володимирович', 'чоловік', '1993-09-17', 'МЕ', '971566', 'Подільським РУ ГУ МВС України в місті Києві', '2001-12-20', 80, 80385000, 'м.Київ', 'В.Порика', '7а', '', 127, 'Моцарський Віктор Володимирович.JPG', 'Бюджет'),
(159, '3472214596', 4, 'Нікітін Олександр Сергійович', 'чоловік', '1995-01-24', 'СЮ', '203950', 'Приазовським РВ ГУМВС України в Запорізькій обл.', '2020-04-20', 1, 1101369, 'Сімферополь', 'вул. Гражданська', '160-А', '', 0, 'Нікітін Олександр Сергійович.JPG', 'Бюджет'),
(160, '3465504613', 4, 'Ольшанський Євген Анатолійович', 'чоловік', '1994-11-18', 'СТ', '252201', 'Миронівським РВ ГУ МВС України в Київській області', '2020-01-20', 32, 32229000, 'с. Владиславка', 'вул. Леніна', '364', '', 4, 'Ольшанський Євген Анатолійович.JPG', 'Бюджет'),
(161, '3464400223', 2, 'Павлюченко Анна Юріївна', 'жінка', '1994-11-07', 'НМ', '390240', 'Ніжинським МВУМВС України  в Чернігівській обл.', '2028-12-20', 74, 74104000, 'м. Ніжин', 'вул. Прилуцька', '118', '', 4, 'Павлюченко Анна Юріївна.JPG', 'Бюджет'),
(162, '3439316133', 4, 'Савчук Максим Вікторович', 'чоловік', '1994-03-01', 'ЕВ', '255030', 'Новомиргородський РВ УМВС України в Кіровоградській області', '2022-04-20', 35, 35238000, 'м.Новомиргород', 'вул. Кірова', '37/6', '', 23, 'Савчук Максим Вікторович.JPG', 'Бюджет'),
(163, '3460912695', 4, 'Тишковець Андрій Станіславович', 'чоловік', '1994-10-03', 'ВН', '508174', 'Чуднівський РВ УМВС  України в Житомирській області', '2017-11-20', 18, 18258000, 'смт. Іванопіль', 'Леніна', '118', '', 0, 'Тишковець Андрій Станіславович.JPG', 'Бюджет'),
(164, '3478109451', 4, 'Токарчук Михайло Олександрович', 'чоловік', '1995-03-24', 'ТТ', '051731', 'Деснянським РУ ГУ МВС України в місті Києві', '2026-04-20', 32, 32227000, 'с. Гавронщина', 'вул. Першотравнева', '69', '', 0, 'Токарчук Михайло Олександрович.JPG', 'Бюджет'),
(165, '3449815478', 4, 'Фурсов Іван Андрійович', 'чоловік', '1994-06-14', 'ТТ', '007068', 'Деснянським РУ ГУ МВС України в місті Києві', '2019-06-20', 80, 80364000, 'м. Київ', 'вул. Деснянська', '6-А', '', 0, 'Фурсов Іван Андрійович.JPG', 'Бюджет'),
(166, '3476314136', 4, 'Шаюк Віталій Олегович', 'чоловік', '1995-03-06', 'НВ', '612113', 'Полонським РВ УМВС України в Хмельницькій обл.', '2015-09-20', 68, 68236000, 'с. Новоселиця', 'вул. Лесі Українки', '26', '', 0, 'Шаюк Віталій Олегович.JPG', 'Бюджет'),
(167, '3479803953', 4, 'Шеверун Максим Сергійович', 'чоловік', '1995-04-10', 'СТ', '236625', 'Броварським МВ ГУ МВС України в Київській обл.', '2007-05-20', 32, 32106000, 'м. Бровари', 'Возз''єднання', '7', '', 127, 'Шеверун Максим Сергійович.JPG', 'Бюджет'),
(168, '3443007215', 1, 'Бардаков Іван Олексійович', 'чоловік', '1994-04-07', 'МВ', '438943', 'Конотопський МВГУ МВС України в Сумській області', '2028-04-20', 59, 59220000, 'с. Привокзальне', 'Польова', '2', '', 1, 'Бардаков Іван Олексійович.JPG', 'Бюджет'),
(169, '3450802876', 1, 'Герасименко Андрій Олегович', 'чоловік', '1994-06-24', 'ВН', '498340', 'Богунським РВ УМВС України в Житомирській області', '2024-07-20', 18, 0, 'м. Житомир', 'вул. Офіцерська', '10', '', 51, 'Герасименко Андрій Олегович.JPG', 'Бюджет'),
(170, '3460403988', 1, 'Гнатюк Катерина Вадимівна', 'жінка', '1994-09-28', 'МЮ', '258470', 'Кузнецовським МВ УМВС України в Рівненській області', '2029-12-20', 56, 56107000, 'м. Кузнецовськ', 'м-н Перемоги', '11', '', 9, 'Гнатюк Катерина Вадимівна.JPG', 'Бюджет'),
(171, '', 1, 'Дьомін Андрій Валерійович', 'чоловік', '1994-06-06', 'АН', '883194', 'Нікопольським МВ УМВС України у дніпропетровській області', '2008-06-20', 12, 12229000, 'м. Нікополь', 'вул. Некрасова', '49', '', 10, 'Дьомін Андрій Валерійович.JPG', 'Бюджет'),
(172, '3438313898', 1, 'Івченко Дмитро Святославович', 'чоловік', '1994-02-19', 'ВН', '486310', 'Богунський РВ УМВС України в Житомирській області', '2021-04-20', 18, 18101363, 'м. Житомир', 'вул. Генерала Потапова', '7', '', 77, 'Івченко Дмитро Святославович.JPG', 'Бюджет'),
(173, '3369807491', 1, 'Існюк Руслан Вікторович', 'чоловік', '1992-04-05', 'МЕ', '878477', 'Голосіївським РУ ГУМВС України в місті Києві', '2018-06-20', 32, 32101000, 'м. Київ', 'вул. Ломоносова', '26', '', 23, 'Існюк Руслан Вікторович.JPG', 'Бюджет'),
(174, '3454815719', 1, 'Кравцов Дмитро Ігорович', 'чоловік', '1994-08-03', 'АН', '920939', 'Нікопольський МВ УМВС України у Дніпропетровській обл.', '2012-11-20', 12, 12116000, 'м. Нікополь', 'вул. Першотравнева', '56', '', 81, 'Кравцов Дмитро Ігорович.JPG', 'Бюджет'),
(175, '3478300094', 1, 'Куцак Владислав Віталійович', 'чоловік', '1995-03-26', 'ЕВ', '277527', 'Долинським РВ УМВС України в Кировоградській обл.', '2018-05-20', 35, 35219000, 'м. Долинська', 'вул. Нова', '98', '', 37, 'Куцак Владислав Віталійович.JPG', 'Бюджет'),
(176, '3468304434', 1, 'Онищенко Денис Васильович', 'чоловік', '1994-12-16', 'АН', '931280', 'Криворіжзьким РВУМВС України Дніпропетровської області', '2011-02-20', 12, 12218000, 'м. Кривий Ріг', 'Цвітна', '45', '', 0, 'Онищенко Денис Васильович.JPG', 'Бюджет'),
(177, '3432202317', 1, 'Паламарчук Віталій Валерійович', 'чоловік', '1993-12-20', 'МЮ', '238820', 'Кузнецовським МВ УМВС України в Рівненській області', '2026-03-20', 56, 56107000, 'м. Кузнецовськ', 'вул. М.н Будівельників', '38', '', 25, 'Паламарчук Віталій Валерійович.JPG', 'Бюджет'),
(178, '3441013896', 1, 'Панасюк Володимир Леонідович', 'чоловік', '1994-03-18', 'НМ', '388855', 'Коропським РВ УМВС України в Ченігівській обл', '2011-11-20', 74, 74222000, 'смт. Понорниця', 'вул. Московська', '93', '', 0, 'Панасюк Володимир Леонідович.JPG', 'Бюджет'),
(179, '3483414517', 1, 'Семенюк Дмитро Олександрович', 'чоловік', '1995-05-16', 'АЮ', '162486', 'Ковельським МВ УМВС України у Волинській обл.', '2031-10-20', 7, 7104000, 'м. Ковель', 'вул. Театральна', '32', '', 38, 'Семенюк Дмитро Олександрович.JPG', 'Бюджет'),
(180, '3471800190', 1, 'Чемериський Євген Геннадійович', 'чоловік', '1995-01-20', 'СТ', '254578', 'Славутицьким МВ ГУ МВС України в Київській обл.', '2025-02-20', 32, 0, 'Славутич', 'Печерський', '2', '', 10, 'Чемериський Євген Геннадійович.JPG', 'Бюджет'),
(181, '3466711705', 1, 'Шепетюк Іванна Валентинівна', 'жінка', '1994-11-30', 'МЮ', '261778', 'Березнівським РВ УМВС України в Рівненській області', '2026-04-20', 56, 56204000, 'с. Великі Селища', 'вул. Березнівська', '107', '', 0, 'Шепетюк Іванна Валентинівна.JPG', 'Бюджет'),
(182, '3457802371', 1, 'Яблонський Олександр Олександрович', 'чоловік', '1994-09-02', 'МР', '330530', 'Скадовським РВ УМВС  України в Житомирській обл.', '2031-10-20', 65, 65247000, 'Скадовськ', 'Заводська', '6', '', 0, 'Яблонський Олександр Олександрович.JPG', 'Бюджет'),
(183, '3461113390', 1, 'Меркотан Віталій Олександрович', 'чоловік', '1994-10-05', 'ТТ', '028451', 'Оболонським РУ ГУ МВС України в м. Києві', '2029-12-20', 80, 80380000, 'Київ', 'Зої Гайдай', '2', '', 127, 'Меркотан Віталій Олександрович.JPG', 'Контракт'),
(184, '3453012819', 2, 'Бойко Роман Дмитрович', 'чоловік', '1994-07-16', 'ТТ', '020745', 'Святошинським РУ ГУ МСВ України в місті Києві', '2030-11-20', 80, 0, 'м Київ', 'вул. Тулузи', '16', '', 85, 'Бойко Роман Дмитрович.JPG', 'Бюджет'),
(185, '3430504917', 2, 'Гончаров Денис Сергійович', 'чоловік', '1993-12-03', 'МЕ', '990149', 'Подільським РУ ГУ МВС України в місті Києві', '2030-03-20', 80, 0, 'м. Київ', 'вул. Петропавлівська', '38', '', 5, 'Гончаров Денис Сергійович.JPG', 'Бюджет'),
(186, '3485513916', 2, 'Єзерський Нікіта Валерійович', 'чоловік', '1995-06-06', 'ТТ', '047705', 'Печерський РУ ГУ МВС України в місті Києві', '2015-09-20', 80, 0, 'Київ', 'б-р Дружби народів', '28а', '', 52, 'Єзерський Нікіта Валерійович.JPG', 'Бюджет'),
(187, '3476308897', 2, 'Карлашевич Іван Андрійович', 'чоловік', '1995-03-06', 'КМ', '723785', 'Котовський МВГУМВС України в Одеській обл.', '2014-07-20', 51, 51229000, 'м. Котовськ', 'вул. Дзержинського', '158', '', 0, 'Карлашевич Іван Андрійович.JPG', 'Бюджет'),
(188, '3462209215', 2, 'Кирилюк Петро Іванович', 'чоловік', '1994-10-16', 'НВ', '581919', 'Деражнянським РВ УМВС України в Хмельницькій обл.', '2010-11-20', 68, 68215000, 'с. Кальня', 'вул. Макаренка', '9', '', 0, 'Кирилюк Петро Іванович.JPG', 'Бюджет'),
(189, '3478600973', 2, 'Киричик Роман Іванович', 'чоловік', '1995-03-29', 'АВ', '943100', 'Іллінецьким РВ УМВС України у Вінницікий обл.', '2025-06-20', 5, 5212000, 'с. Даньківка', 'вул. Шевченка', '111', '', 0, 'Киричик Роман Іванович.JPG', 'Бюджет'),
(190, '3469002374', 2, 'Коломієць Антон Олександрович', 'чоловік', '1994-12-23', 'СТ', '253602', 'Славутицьким МВ ГУ МВС України в Київській обл.', '2009-02-20', 32, 0, 'м. Славутич', 'Вільнюський квартал', '49', '', 30, 'Коломієць Антон Олександрович.JPG', 'Бюджет'),
(191, '3475812992', 2, 'Романенко Тарас Володимирович', 'чоловік', '1995-03-01', 'ТТ', '059304', 'Деснянське РУ ГУ МВС Ураїни в мсіті Києві', '2009-06-20', 80, 80364000, 'м. Київ', 'Теодора Драйзера', '11', '', 85, 'Романенко Тарас Володимирович.JPG', 'Бюджет'),
(192, '3462410385', 2, 'Рохмаїл Олена Ігорівна', 'жінка', '1994-10-18', 'ТТ', '039461', 'Подільський РУ ГУ МВС України у м. Києві', '2023-12-20', 80, 80385000, 'м. Київ', 'проспект Свободи', '30-б', '', 117, 'Рохмаїл Олена Ігорівна.JPG', 'Бюджет'),
(193, '3446711842', 2, 'Ружинська Ірина Владиславівна', 'жінка', '1994-05-14', 'ТТ', '009162', 'Святошинський РУ ГУ МВС України у м. Києві', '2008-07-20', 80, 80386000, 'м. Київ', 'вул. Академіка Вернадського', '57', '', 53, 'Ружинська Ірина Владиславівна.JPG', 'Бюджет'),
(194, '3489611656', 2, 'Семенюк Анатолій Анатолійович', 'чоловік', '1995-07-17', 'НВ', '609917', 'Славутським РВ УМВС України в Хмельницькій області', '2030-08-20', 68, 68106000, 'м. Славута', 'вул. Осипенко', '10', '', 1, 'Семенюк Анатолій Анатолійович.JPG', 'Бюджет'),
(195, '3526504861', 2, 'Торговицька Катерина Павлівна', 'жінка', '1996-07-20', 'І-ЖД', '083564', '_', '0000-00-00', 51, 51208000, 'с. Старокозаче', 'вул. Братів Іванових', '44', '', 0, 'Торговицька Катерина Павлівна.JPG', 'Бюджет'),
(196, '3458214756', 2, 'Ушивець Дмитро Збігневич', 'чоловік', '1994-09-06', 'ТТ', '039154', 'Дніпровське РУ ГУ МВС України в м. Києві', '2029-03-20', 80, 80366000, 'м. Київ', 'вул. Дарницький бульвар', '4', '', 127, 'Ушивець Дмитро Збігневич.JPG', 'Бюджет'),
(197, '3460609347', 2, 'Фатєєва Марина Юріївна', 'жінка', '1994-09-30', 'АН', '918089', 'Павлоградським МВ ГУМВС України в Дніпропетровській обл.', '2015-11-20', 12, 12235000, 'Павлоград', 'Балашовська', '7', '', 44, 'Фатєєва Марина Юріївна.JPG', 'Бюджет'),
(198, '3485912758', 2, 'Федак Михайло Олександрович', 'чоловік', '1995-06-10', 'СТ', '261860', 'Білоцерківський РВ ГУ МВС України у Київській області', '2024-09-20', 32, 32204000, 'м. Узин', 'вул. Колгоспна', '57', '', 0, 'Федак Михайло Олександрович.JPG', 'Бюджет'),
(199, '3442504077', 14, 'Бессонов Богдан Михайлович', 'чоловік', '1994-04-02', 'НЕ', '613507', 'Смілянським МВ УМВС України в Черкаській обл.', '2010-11-20', 71, 71105000, 'м. Сміла', 'вул. Б. Хмельницького', '62', '', 73, 'Бессонов Богдан Михайлович.JPG', 'Бюджет'),
(200, '3473513351', 14, 'Бойко Віктор Андрійович', 'чоловік', '1995-02-06', 'МЕ', '623540', 'Корсунь-Шевченківським РВУМВС України в Черкаській обл.', '2016-03-20', 71, 71225000, 'с. Сухини', 'вул. Шевченка', '41', '', 0, 'Бойко Віктор Андрійович.JPG', 'Бюджет'),
(201, '3485003197', 14, 'Ганін Станіслав Ігорович', 'чоловік', '1995-06-01', 'АН', '964832', 'Довгинцівським РВ Криворізьк. МУ ГУМВС України в Дніпропетровській області', '2023-06-20', 12, 12110364, 'м. Кривий Ріг', 'вул. В/містечко-33', '27', '', 15, 'Ганін Станіслав Ігорович.JPG', 'Бюджет'),
(202, '3478704670', 14, 'Ганношин Едуард Володимирович', 'чоловік', '1995-03-30', 'НВ', '602597', 'Нетішинський МВ УМВС України в Хмельницькій обл.', '2018-07-20', 68, 68105000, 'Нетішин', 'Енергетиків', '1', '', 127, 'Ганношин Едуард Володимирович.JPG', 'Бюджет'),
(203, '3464708233', 14, 'Гринюк Богдан Сергійович', 'чоловік', '1994-11-10', 'ВК', '781520', 'Кіровським РВ Макіївського МУ ГУМВС України в Донецькій обл.', '2010-02-20', 14, 14135363, 'м. Макіївка', 'вул. Депутатська', '172', '', 21, 'Гринюк Богдан Сергійович.JPG', 'Бюджет'),
(204, '3478109334', 14, 'Желяк Максим Олександрович', 'чоловік', '1995-03-24', 'СТ', '239414', 'Васильківським МВ ГУ МВС України в Київській обл.', '2020-09-20', 32, 32214000, 'смт. Глеваха', 'вул. Вокзальна', '7', '', 24, 'Желяк Максим Олександрович.JPG', 'Бюджет'),
(205, '3459100478', 14, 'Кательницький Олександр Володимирович', 'чоловік', '1994-09-15', 'НМ', '406077', 'Ніжинський МВ УМВС України в Чернігівській обл.', '2020-07-20', 74, 74233000, 'с.Данине', 'вул. Петровського', '11', '', 0, 'Кательницький Олександр Володимирович.JPG', 'Бюджет'),
(206, '3448900519', 14, 'Ковбич Антон Олександрович', 'чоловік', '1994-06-05', 'СТ', '186235', 'Славутицьким МВ ГУ МВС України в Київській обл.', '2007-07-20', 32, 32115000, 'м. Славутич', 'Таллінський квартал', '3', '', 30, 'Ковбич Антон Олександрович.JPG', 'Бюджет'),
(207, '3460813521', 14, 'Найда Олена Валеріївна', 'жінка', '1994-10-02', 'АН', '896574', 'Заводський РВ Дніпродзержинського МУ ГУМВС України в Дніпропетровській обл.', '2005-10-20', 12, 12104369, 'Дніпродзержинськ', 'просп. Аношкіна', '3', '', 45, 'Найда Олена Валеріївна.JPG', 'Бюджет'),
(208, '3476511341', 14, 'Пушкар Яна Володимирівна', 'жінка', '1995-03-08', 'І-НМ', '288406', '_', '0000-00-00', 26, 26240000, 'Надвірна', 'Шевченка', '53', '', 3, 'Пушкар Яна Володимирівна.JPG', 'Бюджет'),
(209, '3473214173', 14, 'Ревін Ярослав Олегович', 'чоловік', '1995-02-03', 'АН', '945996', 'Амур-Нижньодніпровським РВ ДМУ ГУМВС України в Дніпропетровській області', '2015-03-20', 80, 80363000, 'м. Київ', 'вул. Драгоманова', '42-А', '', 127, 'Ревін Ярослав Олегович.JPG', 'Бюджет'),
(210, '3380004752', 14, 'Святець Олексій Сергійович', 'чоловік', '1992-07-16', 'АН', '721062', 'Бабушкінський РВ ДМУ УМВС України в Дніпропетровську', '2004-08-20', 12, 12101366, 'Дніпропетровськ', 'Тополя 3', '56', '', 47, 'Святець Олексій Сергійович.JPG', 'Бюджет'),
(211, '3430511996', 14, 'Ступак Владислав Іванович', 'чоловік', '1993-12-03', 'НМ', '364740', 'Талалаївським РВ УМВС України в Чернігівській обл.', '2024-12-20', 74, 74253000, 'смт. Талалаївка', 'вул. Лермонтова', '2', '', 0, 'Ступак Владислав Іванович.JPG', 'Бюджет'),
(212, '3393004753', 14, 'Шишко Олександр Олександрович', 'чоловік', '1992-11-23', 'МЕ', '924586', 'Деснянський РУ ГУ МВС України в місті Києві', '2027-01-20', 80, 80364000, 'Київ', 'Жукова', '45', '', 127, 'Шишко Олександр Олександрович.JPG', 'Бюджет'),
(213, '3379615756', 14, 'Якимчук Павло Васильович', 'чоловік', '1992-07-12', 'МЮ', '183389', 'Здолбунівський РВ УМВС України в Рівненській обл.', '2030-09-20', 56, 56226000, 'м.Здолбунів', 'Молодіжна', '19', '', 8, 'Якимчук Павло Васильович.JPG', 'Бюджет'),
(214, '3439811592', 14, 'Баглай Євгеній Олегович', 'чоловік', '1994-03-06', 'ТТ', '004235', 'Голосіївський РУ ГУ МВС України в місті Києві', '2016-07-20', 80, 80361000, 'Київ', 'Весняна', '68б', '', 0, 'Баглай Євгеній Олегович.JPG', 'Бюджет'),
(215, '3450001715', 14, 'Вергун Павло Сергійович', 'чоловік', '1994-06-16', 'ЕВ', '262664', 'Кіровський РВУМВС України в Кіровоградській області', '2009-07-20', 35, 35101363, 'м. Кіровоград', 'вул. Жовтневої революції', '26', '', 63, 'Вергун Павло Сергійович.JPG', 'Бюджет'),
(216, '3465313658', 14, 'Ворончак Анатолій Петрович', 'чоловік', '1994-11-16', 'НВ', '612746', 'Красилівським РВ УМВС України в Хмельницькій обл.', '2017-09-20', 68, 68227000, 'м. Красилів', 'вул. Челюскіна', '2', '', 0, 'Ворончак Анатолій Петрович.JPG', 'Бюджет'),
(217, '3471312630', 14, 'Даценко Олександр Олександрович', 'чоловік', '1995-01-15', 'АН', '944338', 'Саксаганським РВ Криворізького МУ ГУМВС України в Дніпропетровській області', '2001-03-20', 12, 12110370, 'м. Кривий Ріг', 'вул. Упіта', '60', '', 3, 'Даценко Олександр Олександрович.JPG', 'Бюджет'),
(218, '3462407658', 14, 'Дяченко Радомир Анатолійович', 'чоловік', '1994-10-18', 'НЕ', '616799', 'Придніпровський РВ УМВС України у Черкаській обл.', '2022-02-20', 71, 71101364, 'м. Черкаси', 'вул. Різдв''яна', '57/2', '', 86, 'Дяченко Радомир Анатолійович.JPG', 'Бюджет'),
(219, '3482712534', 14, 'Ільяш Євгеній Ігорович', 'чоловік', '1995-05-09', 'ТТ', '057945', 'Подільським РУ ГУ МВС України в місті Києві', '2009-07-20', 80, 80385000, 'м. Київ', 'вул. Бестужева', '63', '', 1, 'Ільяш Євгеній Ігорович.JPG', 'Бюджет'),
(220, '3495113216', 14, 'Петровець Ростислав Юрійович', 'чоловік', '1995-09-10', 'МЮ', '279491', 'Рокитнівським РВ УМВС України в Рівненській області', '2028-10-20', 56, 56250000, 'с. Березове', 'вул. Шкільна', '7', '', 0, 'Петровець Ростислав Юрійович.JPG', 'Бюджет'),
(221, '3488409798', 14, 'Силенко Євген Євгенійович', 'чоловік', '1995-07-05', 'ТТ', '066683', 'Оболонський РУ ГУ МВС України в м. Києві', '2021-07-20', 80, 80380000, 'Київ', 'Полярна', '7', '', 73, 'Силенко Євген Євгенійович.JPG', 'Бюджет'),
(222, '3471510592', 14, 'Соломонік Роман Борисович', 'чоловік', '1995-01-17', 'АН', '944280', 'Саксаганський РВ Криворізького МУ ГУМВС України в Дніпропетровській обл.', '2021-02-20', 12, 12110370, 'м.Кривий Ріг', 'Тинка', '6', '', 17, 'Соломонік Роман Борисович.JPG', 'Бюджет'),
(223, '3439100312', 14, 'Спільчук Остап Вікторович', 'чоловік', '1994-02-27', 'НЮ', '223586', 'Тернопільський МВ УМВС України у Тернопільській обл.', '2005-05-20', 61, 61101000, 'м. Тернопіль', 'вул. Львівська', '7', '', 18, 'Спільчук Остап Вікторович.JPG', 'Бюджет'),
(224, '3484404777', 14, 'Стаднік Дмитро Сергійович', 'чоловік', '1995-05-26', 'ТТ', '059024', 'Дарницьким РУ ГУ МВС України в м. Києві', '2021-06-20', 80, 80363000, 'м. Київ', 'вул. А. Ахматової', '13-А', '', 23, 'Стаднік Дмитро Сергійович.JPG', 'Бюджет'),
(225, '3478202990', 14, 'Чеботарський Дмитро Олександрович', 'чоловік', '1995-03-25', 'ТТ', '049103', 'Святошинським РУ ГУ МВС України в місті Києві', '2010-05-20', 80, 80386000, 'м. Київ', 'бул. Вернадського', '57', '', 11, 'Чеботарський Дмитро Олександрович.JPG', 'Бюджет'),
(226, '3473413019', 14, 'Чиж Микола Сергійович', 'чоловік', '1995-02-05', 'ВН', '539365', 'Ємільчинський РВ УМВС України в Житомирській обл.', '2003-11-20', 18, 18217000, 'с. Мокляки', 'вул. Центральна', '12', '', 0, 'Чиж Микола Сергійович.JPG', 'Бюджет'),
(227, '3478204104', 14, 'Шарай Алла Василівна', 'жінка', '1995-03-25', 'НМ', '402918', 'Новгород-Сіверським РВУМВС України в Чернігівській обл.', '2023-06-20', 74, 74236000, 'Новгород-Сіверський', 'вул. Сумська', '32', '', 0, 'Шарай Алла Василівна.JPG', 'Бюджет'),
(228, '3483213439', 14, 'Шеленгівський Олександр Ігорович', 'чоловік', '1995-05-14', 'ТТ', '072044', 'Деснянський РУ ГУ МВС України в місті Києві', '2020-09-20', 80, 80364000, 'Київ', 'Драйзера', '6а', '', 58, 'Шеленгівський Олександр Ігорович.JPG', 'Бюджет'),
(229, '3450911455', 5, 'Бунтов Кирило Ярославович', 'чоловік', '1994-06-25', 'ВН', '505489', 'Корольовським РВ УМВС України в Житомирській області', '2001-09-20', 18, 18101366, 'м.Житомир', 'вул.Шелушкова', '47', '', 4, 'Бунтов Кирило Ярославович.JPG', 'Бюджет'),
(230, '3479314059', 5, 'Гончаров Дмитро Михайлович', 'чоловік', '1995-04-05', 'МВ', '474488', 'Середино-Будським РВ УМВС України в Сумській обл.', '2006-09-20', 59, 59244000, 'с. Рожковичі', 'Шевченка', '1', '', 0, 'Гончаров Дмитро Михайлович.JPG', 'Бюджет'),
(231, '3463812416', 5, 'Григора Віктор Вікторович', 'чоловік', '1994-11-01', 'СТ', '243751', 'Києво-Святошинським РВ ГУ МВС України в  Київській обл.', '2002-03-20', 32, 32224000, 'с. Крюківщина', 'вул. Б. Хмельницького', '6', '', 0, 'Григора Віктор Вікторович.JPG', 'Бюджет'),
(232, '3479608331', 5, 'Джуга Максим Олександрович', 'чоловік', '1995-04-08', 'МЮ', '268110', 'Гощанський РВ УМВС України в Рівненській області', '2023-06-20', 56, 56212000, 'с. Ясне', 'А. Карпюк', '2', '', 0, 'Джуга Максим Олександрович.JPG', 'Бюджет'),
(233, '3416213135', 5, 'Єгоров Ілля Костянтинович', 'чоловік', '1993-07-13', 'СТ', '228323', 'Кагарлицький РВ ГУ МВС України в Київській області', '2004-11-20', 32, 32222000, 'с. Ромашки', 'вул. Жовтнева', '58', '', 0, 'Єгоров Ілля Костянтинович.JPG', 'Бюджет'),
(234, '3373506371', 5, 'Зябліцев Геннадій Андрійович', 'чоловік', '1992-05-12', 'МН', '994993', 'Червонозаводським РВ ХМУ ГУМВС України в Харківській обл.', '2021-07-20', 63, 63101388, 'Червонозаводський', 'Гагаріна', '38', '', 53, 'Зябліцев Геннадій Андрійович.JPG', 'Бюджет'),
(235, '3486007450', 5, 'Іванечко Денис Миколайович', 'чоловік', '1995-06-11', 'КС', '842413', 'Сокальським РВ ГУ МВС України у Львівській обл.', '2013-07-20', 46, 46248000, 'м. Сокаль', 'вул. Героїв УПА', '26', '', 70, 'Іванечко Денис Миколайович.JPG', 'Бюджет'),
(236, '3453112799', 5, 'Куксенко Андрій Володимирович', 'чоловік', '1994-07-17', 'ТТ', '008289', 'Оболонський РУ ГУ МВС України у м. Києві', '2011-09-20', 80, 80380000, 'м. Київ', 'вул. Тимошенко', '18', '', 127, 'Куксенко Андрій Володимирович.JPG', 'Бюджет'),
(237, '3468213450', 5, 'Макаревич Владлен Олександрович', 'чоловік', '1994-12-15', 'ТТ', '052700', 'ТУМ Солом''янського РУ ГУМВС України в місті Києві', '2026-04-20', 80, 80389000, 'Київ', 'Ак. Янгеля', '14/1', '', 2, 'Макаревич Владлен Олександрович.JPG', 'Бюджет'),
(238, '3461312411', 5, 'Мальков Роман Олександрович', 'чоловік', '1994-10-07', 'ЕТ', '259204', 'Армянський міський відділ ГУ МВС Укрпаїни в АР Крим', '2002-11-20', 1, 1115000, 'Армянськ', 'Корявко', '21', '', 127, 'Мальков Роман Олександрович.JPG', 'Бюджет'),
(239, '3479114039', 5, 'Нестерук Юрій Васильович', 'чоловік', '1995-04-03', 'ВН', '527057', 'Романівський РВ УМВС України в Житомирській обл.', '2027-06-20', 18, 18214000, 'с. Врублівка', 'Квітнева', '9', '', 0, 'Нестерук Юрій Васильович.JPG', 'Бюджет'),
(240, '3500011256', 5, 'Пархоменко Віктор Олексійович', 'чоловік', '1995-10-29', 'ЕВ', '298457', 'Ленінським МВ Кіровоградського МВ УМВС України в Кіровоградській обл.', '2022-11-20', 35, 35203000, 'с. Єлизаветградка', 'вул. Вишнева', '16', '', 0, 'Пархоменко Віктор Олексійович.JPG', 'Бюджет'),
(241, '3485306617', 5, 'Покотілов Андрій Васильович', 'чоловік', '1995-06-04', 'ЕР', '418021', 'Баштанським РВ УМВС України в Миколаївській обл.', '2008-07-20', 48, 48206000, 'м. Баштанка', 'вул. Молодіжна', '41', '', 0, 'Покотілов Андрій Васильович.JPG', 'Бюджет'),
(242, '3501907713', 5, 'Самара Данило Сергійович', 'чоловік', '1995-11-17', 'ТТ', '084004', 'Оболонським РУ ГУ МВС України в м. Києві', '2001-12-20', 80, 80380000, 'м. Київ', 'вул. Автозаводська', '41', '', 127, 'Самара Данило Сергійович.JPG', 'Бюджет'),
(243, '3437108553', 5, 'Сікора Ярослав Юрійович', 'чоловік', '1994-02-07', 'НМ', '370935', 'Семенівським РВУМВС України в Чернігівській обл.', '2023-03-20', 74, 74247000, 'Семенівка', 'Молодіжна', '14', '', 0, 'Сікора Ярослав Юрійович.JPG', 'Бюджет'),
(244, '3468108750', 6, 'Андрусенко Андрій Володимирович', 'чоловік', '1994-12-14', 'ТТ', '043816', 'Деснянським РУ ГУ МВС України в місті Києві', '2003-02-20', 80, 80364000, 'м. Київ', 'вул. Бальзака', '4-А', '', 127, 'Андрусенко Андрій Володимирович.JPG', 'Бюджет'),
(245, '3469513390', 6, 'Бельман Сергій Ігорович', 'чоловік', '1994-12-28', 'ЕВ', '280008', 'Ленінським ВМ Кіровоградського МВ УМВС України в Кіровоградській обл.', '2023-02-20', 35, 35101366, 'м. Помічна', 'пров. Кірова', '1', '', 19, 'Бельман Сергій Ігорович.JPG', 'Бюджет'),
(246, '3482112754', 6, 'Деружко Богдан Михайлович', 'чоловік', '1995-05-03', 'НЕ', '648350', 'Жашківський РВ УМВС України в Черкаській обл.', '2009-12-20', 71, 71209000, 'с. Олександрівка', 'Леніна', '25', '', 0, 'Деружко Богдан Михайлович.JPG', 'Бюджет'),
(247, '3430610113', 6, 'Дьяченко Костянтин Володимирович', 'чоловік', '1993-12-04', 'МЕ', '973657', 'ТУМ Солом''янського РУ ГУМВС України в місті Києві', '2010-12-20', 80, 80389000, 'Київ', 'Ак. Білецького', '5-В', '', 73, 'Дьяченко Костянтин Володимирович.JPG', 'Бюджет'),
(248, '3449200031', 6, 'Йосипок Владислав Васильович', 'чоловік', '1994-06-08', 'СТ', '185887', 'Згурівським РВ ГУ МВС України в Київській обл.', '2001-07-20', 32, 32219000, 'с. Шевченкове', 'вул. Пушкіна', '5-А', '', 0, 'Йосипок Владислав Васильович.JPG', 'Бюджет'),
(249, '3476005514', 6, 'Карлін Олександр Вікторович', 'чоловік', '1995-03-03', 'МВ', '478548', 'Конотопським МВ УМВС України в  Сумській обл.', '2008-09-20', 59, 59104000, 'м. Конотоп', 'вул. Ватутіна', '11', '', 60, 'Карлін Олександр Вікторович.JPG', 'Бюджет'),
(250, '3443704301', 6, 'Кириленко Катерина Миколаївна', 'жінка', '1994-04-14', 'МВ', '440723', 'Ковпаківським РВ СМУ ГУМВС України в Сумській області', '2022-04-20', 59, 59101366, 'м. Суми', 'вул. Металургів', '13', '', 102, 'Кириленко Катерина Миколаївна.JPG', 'Бюджет'),
(251, '3467605178', 6, 'Попович Андрій Михайлович', 'чоловік', '1994-12-09', 'СТ', '238954', 'Васильківським МВ ГУ МВС України в Київській області', '2022-06-20', 32, 32214000, 'с. Мала Солтанівка', 'вул. Гагаріна', '60', '', 0, 'Попович Андрій Михайлович.JPG', 'Бюджет'),
(252, '3479914155', 6, 'Правенький Євгеній Євгенійович', 'чоловік', '1995-04-11', 'ЕН', '829512', 'Сватівським РВ УМВС України в Луганській області', '2015-07-20', 44, 44240000, 'м. Сватове', 'вул. Говорова', '69', '', 0, 'Правенький Євгеній Євгенійович.JPG', 'Бюджет'),
(253, '3474912998', 6, 'Спекторук Дмитро Анатолійович', 'чоловік', '1995-02-20', 'НВ', '590180', 'Старокостянтинівським РВ УМВС України в Хмельницькій області', '2003-03-20', 68, 68108000, 'м. Старокостянтинів', 'вул. Ессенська', '6', '', 39, 'Спекторук Дмитро Анатолійович.JPG', 'Бюджет'),
(254, '3473812242', 6, 'Стародуб Оксана Валеріївна', 'жінка', '1995-02-09', 'НВ', '602088', 'Хмельницьким МВ УМВС України в Хмельницькій області', '2006-05-20', 68, 68101000, 'м. Хмельницький', 'вул. Чехова', '19', '', 0, 'Стародуб Оксана Валеріївна.JPG', 'Бюджет'),
(255, '3483814031', 6, 'Троян Вадим Володимирович', 'чоловік', '1995-05-20', 'НВ', '603192', 'Білогірським РВ УМВС України у Хмельницькій обл.', '2004-01-20', 68, 68203000, 'с. Москалівка', 'вул. Садова', '14', '', 0, 'Троян Вадим Володимирович.JPG', 'Бюджет'),
(256, '3471906351', 6, 'Федорчук Олексій Васильович', 'чоловік', '1995-01-21', 'І-БВ', '002339', '_', '0000-00-00', 68, 68104000, 'Кам''янець-Подільський', 'Шевченко', '111', '', 0, 'Федорчук Олексій Васильович.JPG', 'Бюджет'),
(257, '3467111238', 6, 'Хуторний Валентин Іванович', 'чоловік', '1994-12-04', 'ТТ', '088055', 'Дарницьким РУ ГУ МВС України в місті Києві', '2029-11-20', 80, 80363000, 'м. Київ', 'вул. Бориспільська', '39', '', 74, 'Хуторний Валентин Іванович.JPG', 'Бюджет'),
(258, '3427313437', 6, 'Шапшал Сергій Вікторович', 'чоловік', '1993-11-01', 'МЕ', '978190', 'Деснянський РУ ГУ МВС України в місті Києві', '2003-12-20', 80, 80364000, 'Київ', 'б-р Висоцького', '11', '', 96, 'Шапшал Сергій Вікторович.JPG', 'Бюджет');

-- --------------------------------------------------------

--
-- Структура таблиці `card_region`
--

CREATE TABLE IF NOT EXISTS `card_region` (
  `id` int(11) NOT NULL,
  `name` varchar(255) NOT NULL,
  UNIQUE KEY `id` (`id`)
) ENGINE=InnoDB DEFAULT CHARSET=utf8;

--
-- Дамп даних таблиці `card_region`
--

INSERT INTO `card_region` (`id`, `name`) VALUES
(1, 'Автономна Республіка Крим'),
(5, 'Вінницька'),
(7, 'Волинська'),
(12, 'Дніпропетровська'),
(14, 'Донецька'),
(18, 'Житомирська'),
(21, 'Закарпатська'),
(23, 'Запорізька'),
(26, 'Івано-Франківська'),
(32, 'Київська'),
(35, 'Кіровоградська'),
(44, 'Луганська'),
(46, 'Львівська'),
(48, 'Миколаївська'),
(51, 'Одеська'),
(53, 'Полтавська'),
(56, 'Рівненська '),
(59, 'Сумська'),
(61, 'Тернопільська'),
(63, 'Харківська'),
(65, 'Херсонська'),
(68, 'Хмельницька'),
(71, 'Черкаська'),
(73, 'Чернівецька'),
(74, 'Чернігівська'),
(80, 'м. Київ'),
(85, 'м. Севастополь'),
(1204000, 'Бахчисарайський'),
(1207000, 'Білогірський'),
(1211000, 'Джанкойський'),
(1216000, 'Кіровський'),
(1220000, 'Красногвардійський'),
(1223000, 'Красноперекопський'),
(1227000, 'Ленінський'),
(1231000, 'Нижньогірський'),
(1235000, 'Первомайський'),
(1239000, 'Роздольненський'),
(1243000, 'Сакський'),
(1247000, 'Сімферопольський'),
(1252000, 'Совєтський'),
(1256000, 'Чорноморський'),
(5202000, 'Барський'),
(5204000, 'Бершадський'),
(5206000, 'Вінницький'),
(5208000, 'Гайсинський'),
(5210000, 'Жмеринський'),
(5212000, 'Іллінецький'),
(5214000, 'Козятинський'),
(5216000, 'Калинівський'),
(5219000, 'Крижопільський'),
(5222000, 'Липовецький'),
(5224000, 'Літинський'),
(5226000, 'Могилів-Подільський'),
(5228000, 'Мурованокуриловецький'),
(5230000, 'Немирівський'),
(5231000, 'Оратівський'),
(5232000, 'Піщанський'),
(5234000, 'Погребищенський'),
(5237000, 'Теплицький'),
(5239000, 'Томашпільський'),
(5241000, 'Тростянецький'),
(5243000, 'Тульчинський'),
(5245000, 'Тиврівський'),
(5248000, 'Хмільницький'),
(5249000, 'Чернівецький'),
(5250000, 'Чечельницький'),
(5253000, 'Шаргородський'),
(5256000, 'Ямпільський'),
(7205000, 'Володимир-Волинський'),
(7208000, 'Горохівський'),
(7211000, 'Іваничівський'),
(7214000, 'Камінь-Каширський'),
(7218000, 'Ківерцівський'),
(7221000, 'Ковельський'),
(7224000, 'Локачинський'),
(7228000, 'Луцький'),
(7231000, 'Любешівський'),
(7233000, 'Любомльський'),
(7236000, 'Маневицький'),
(7242000, 'Ратнівський'),
(7245000, 'Рожищенський'),
(7250000, 'Старовижівський'),
(7255000, 'Турійський'),
(7257000, 'Шацький'),
(12203000, 'Апостолівський'),
(12207000, 'Васильківський'),
(12210000, 'Верхньодніпровський'),
(12214000, 'Дніпропетровський'),
(12218000, 'Криворізький'),
(12220000, 'Криничанський'),
(12223000, 'Магдалинівський'),
(12226000, 'Межівський'),
(12229000, 'Нікопольський'),
(12232000, 'Новомосковський'),
(12235000, 'Павлоградський'),
(12237000, 'Петриківський'),
(12238000, 'Петропавлівський'),
(12242000, 'Покровський'),
(12245000, 'П''ятихатський'),
(12248000, 'Синельниківський'),
(12250000, 'Солонянський'),
(12252000, 'Софіївський'),
(12254000, 'Томаківський'),
(12256000, 'Царичанський'),
(12258000, 'Широківський'),
(12259000, 'Юр''ївський'),
(14203000, 'Олександрівський'),
(14206000, 'Амвросіївський'),
(14209000, 'Артемівський'),
(14212000, 'Великоновосілківський'),
(14215000, 'Волноваський'),
(14217000, 'Володарський'),
(14220000, 'Добропільський'),
(14224000, 'Костянтинівський'),
(14227000, 'Красноармійський'),
(14230000, 'Краснолиманський'),
(14233000, 'Мар''їнський'),
(14236000, 'Новоазовський'),
(14239000, 'Першотравневий'),
(14242000, 'Слов''янський'),
(14245000, 'Старобешівський'),
(14248000, 'Тельманівський'),
(14252000, 'Шахтарський'),
(14255000, 'Ясинуватський'),
(18203000, 'Андрушівський'),
(18206000, 'Баранівський'),
(18208000, 'Бердичівський'),
(18209000, 'Брусилівський'),
(18211000, 'Володарсько-Волинський'),
(18214000, 'Романівський'),
(18217000, 'Ємільчинський'),
(18220000, 'Житомирський'),
(18223000, 'Коростенський'),
(18225000, 'Коростишівський'),
(18228000, 'Лугинський'),
(18231000, 'Любарський'),
(18234000, 'Малинський'),
(18237000, 'Народицький'),
(18240000, 'Новоград-Волинський'),
(18242000, 'Овруцький'),
(18244000, 'Олевський'),
(18247000, 'Попільнянський'),
(18250000, 'Радомишльський'),
(18252000, 'Ружинський'),
(18254000, 'Червоноармійський'),
(18256000, 'Черняхівський'),
(18258000, 'Чуднівський'),
(21204000, 'Берегівський'),
(21208000, 'Великоберезнянський'),
(21212000, 'Виноградівський'),
(21215000, 'Воловецький'),
(21219000, 'Іршавський'),
(21224000, 'Міжгірський'),
(21227000, 'Мукачівський'),
(21232000, 'Перечинський'),
(21236000, 'Рахівський'),
(21240000, 'Свалявський'),
(21244000, 'Тячівський'),
(21248000, 'Ужгородський'),
(21253000, 'Хустський'),
(23203000, 'Якимівський'),
(23206000, 'Бердянський'),
(23209000, 'Василівський'),
(23211000, 'Великобілозерський'),
(23212000, 'Веселівський'),
(23215000, 'Вільнянський'),
(23218000, 'Гуляйпільський'),
(23221000, 'Запорізький'),
(23224000, 'Кам''янсько-Дніпровський'),
(23227000, 'Куйбишевський'),
(23230000, 'Мелітопольський'),
(23233000, 'Михайлівський'),
(23236000, 'Новомиколаївський'),
(23239000, 'Оріхівський'),
(23242000, 'Пологівський'),
(23245000, 'Приазовський'),
(23248000, 'Приморський'),
(23249000, 'Розівський'),
(23252000, 'Токмацький'),
(23255000, 'Чернігівський'),
(26204000, 'Богородчанський'),
(26208000, 'Верховинський'),
(26212000, 'Галицький'),
(26216000, 'Городенківський'),
(26220000, 'Долинський'),
(26228000, 'Калуський'),
(26232000, 'Коломийський'),
(26236000, 'Косівський'),
(26240000, 'Надвірнянський'),
(26244000, 'Рогатинський'),
(26248000, 'Рожнятівський'),
(26252000, 'Снятинський'),
(26256000, 'Тлумацький'),
(26258000, 'Тисменицький'),
(32202000, 'Баришівський'),
(32204000, 'Білоцерківський'),
(32206000, 'Богуславський'),
(32208000, 'Бориспільський'),
(32210000, 'Бородянський'),
(32212000, 'Броварський'),
(32214000, 'Васильківський'),
(32216000, 'Володарський'),
(32218000, 'Вишгородський'),
(32219000, 'Згурівський'),
(32220000, 'Іванківський'),
(32222000, 'Кагарлицький'),
(32224000, 'Києво-Святошинський'),
(32227000, 'Макарівський'),
(32229000, 'Миронівський'),
(32231000, 'Обухівський'),
(32233000, 'Переяслав-Хмельницький'),
(32235000, 'Поліський'),
(32237000, 'Рокитнянський'),
(32240000, 'Сквирський'),
(32242000, 'Ставищенський'),
(32244000, 'Таращанський'),
(32246000, 'Тетіївський'),
(32249000, 'Фастівський'),
(32255000, 'Яготинський'),
(35203000, 'Олександрійський'),
(35205000, 'Олександрівський'),
(35208000, 'Бобринецький'),
(35211000, 'Гайворонський'),
(35214000, 'Голованівський'),
(35217000, 'Добровеличківський'),
(35219000, 'Долинський'),
(35222000, 'Знам''янський'),
(35225000, 'Кіровоградський'),
(35228000, 'Компаніївський'),
(35231000, 'Маловисківський'),
(35234000, 'Новгородківський'),
(35236000, 'Новоархангельський'),
(35238000, 'Новомиргородський'),
(35240000, 'Новоукраїнський'),
(35243000, 'Вільшанський'),
(35246000, 'Онуфріївський'),
(35249000, 'Петрівський'),
(35252000, 'Світловодський'),
(35255000, 'Ульяновський'),
(35258000, 'Устинівський'),
(44203000, 'Антрацитівський'),
(44206000, 'Біловодський'),
(44209000, 'Білокуракинський'),
(44214000, 'Краснодонський'),
(44216000, 'Кремінський'),
(44222000, 'Лутугинський'),
(44225000, 'Марківський'),
(44228000, 'Міловський'),
(44231000, 'Новоайдарський'),
(44233000, 'Новопсковський'),
(44236000, 'Перевальський'),
(44238000, 'Попаснянський'),
(44240000, 'Сватівський'),
(44242000, 'Свердловський'),
(44245000, 'Слов''яносербський'),
(44248000, 'Станично-Луганський'),
(44251000, 'Старобільський'),
(44254000, 'Троїцький'),
(46203000, 'Бродівський'),
(46206000, 'Буський'),
(46209000, 'Городоцький'),
(46212000, 'Дрогобицький'),
(46215000, 'Жидачівський'),
(46218000, 'Золочівський'),
(46221000, 'Кам''янка-Бузький'),
(46224000, 'Мостиський'),
(46227000, 'Жовківський'),
(46230000, 'Миколаївський'),
(46233000, 'Перемишлянський'),
(46236000, 'Пустомитівський'),
(46239000, 'Радехівський'),
(46242000, 'Самбірський'),
(46245000, 'Сколівський'),
(46248000, 'Сокальський'),
(46251000, 'Старосамбірський'),
(46253000, 'Стрийський'),
(46255000, 'Турківський'),
(46258000, 'Яворівський'),
(48203000, 'Арбузинський'),
(48206000, 'Баштанський'),
(48209000, 'Березанський'),
(48211000, 'Березнегуватський'),
(48214000, 'Братський'),
(48217000, 'Веселинівський'),
(48220000, 'Вознесенський'),
(48223000, 'Врадіївський'),
(48227000, 'Доманівський'),
(48230000, 'Єланецький'),
(48233000, 'Жовтневий'),
(48236000, 'Казанківський'),
(48239000, 'Кривоозерський'),
(48242000, 'Миколаївський'),
(48245000, 'Новобузький'),
(48248000, 'Новоодеський'),
(48251000, 'Очаківський'),
(48254000, 'Первомайський'),
(48257000, 'Снігурівський'),
(51202000, 'Ананьївський'),
(51204000, 'Арцизький'),
(51206000, 'Балтський'),
(51208000, 'Білгород-Дністровський'),
(51210000, 'Біляївський'),
(51212000, 'Березівський'),
(51214000, 'Болградський'),
(51216000, 'Великомихайлівський'),
(51218000, 'Іванівський'),
(51220000, 'Ізмаїльський'),
(51223000, 'Кілійський'),
(51225000, 'Кодимський'),
(51227000, 'Комінтернівський'),
(51229000, 'Котовський'),
(51231000, 'Красноокнянський'),
(51233000, 'Любашівський'),
(51235000, 'Миколаївський'),
(51237000, 'Овідіопольський'),
(51239000, 'Роздільнянський'),
(51241000, 'Ренійський'),
(51243000, 'Савранський'),
(51245000, 'Саратський'),
(51247000, 'Тарутинський'),
(51250000, 'Татарбунарський'),
(51252000, 'Фрунзівський'),
(51254000, 'Ширяївський'),
(53202000, 'Великобагачанський'),
(53204000, 'Гадяцький'),
(53206000, 'Глобинський'),
(53208000, 'Гребінківський'),
(53210000, 'Диканський'),
(53213000, 'Зіньківський'),
(53216000, 'Карлівський'),
(53218000, 'Кобеляцький'),
(53220000, 'Козельщинський'),
(53222000, 'Котелевський'),
(53224000, 'Кременчуцький'),
(53226000, 'Лохвицький'),
(53228000, 'Лубенський'),
(53230000, 'Машівський'),
(53232000, 'Миргородський'),
(53234000, 'Новосанжарський'),
(53236000, 'Оржицький'),
(53238000, 'Пирятинський'),
(53240000, 'Полтавський'),
(53242000, 'Решетилівський'),
(53245000, 'Семенівський'),
(53251000, 'Чорнухинський'),
(53254000, 'Чутівський'),
(53257000, 'Шишацький'),
(56204000, 'Березнівський'),
(56208000, 'Володимирецький'),
(56212000, 'Гощанський'),
(56214000, 'Демидівський'),
(56216000, 'Дубенський'),
(56218000, 'Дубровицький'),
(56222000, 'Зарічненський'),
(56226000, 'Здолбунівський'),
(56230000, 'Корецький'),
(56234000, 'Костопільський'),
(56238000, 'Млинівський'),
(56242000, 'Острозький'),
(56246000, 'Рівненський'),
(56250000, 'Рокитнівський'),
(56254000, 'Сарненський'),
(56258000, 'Радивилівський'),
(59203000, 'Охтирський'),
(59206000, 'Білопільський'),
(59209000, 'Буринський'),
(59212000, 'Великописарівський'),
(59215000, 'Глухівський'),
(59220000, 'Конотопський'),
(59223000, 'Краснопільський'),
(59226000, 'Кролевецький'),
(59229000, 'Лебединський'),
(59232000, 'Липоводолинський'),
(59235000, 'Недригайлівський'),
(59238000, 'Путивльський'),
(59241000, 'Роменський'),
(59244000, 'Середино-Будський'),
(59247000, 'Сумський'),
(59250000, 'Тростянецький'),
(59253000, 'Шосткинський'),
(59256000, 'Ямпільський'),
(61204000, 'Бережанський'),
(61208000, 'Борщівський'),
(61212000, 'Бучацький'),
(61216000, 'Гусятинський'),
(61220000, 'Заліщицький'),
(61224000, 'Збаразький'),
(61226000, 'Зборівський'),
(61230000, 'Козівський'),
(61234000, 'Кременецький'),
(61238000, 'Лановецький'),
(61242000, 'Монастириський'),
(61246000, 'Підволочиський'),
(61248000, 'Підгаєцький'),
(61250000, 'Теребовлянський'),
(61252000, 'Тернопільський'),
(61255000, 'Чортківський'),
(61258000, 'Шумський'),
(63202000, 'Балаклійський'),
(63204000, 'Барвінківський'),
(63206000, 'Близнюківський'),
(63208000, 'Богодухівський'),
(63210000, 'Борівський'),
(63212000, 'Валківський'),
(63214000, 'Великобурлуцький'),
(63216000, 'Вовчанський'),
(63217000, 'Зміївський'),
(63218000, 'Дворічанський'),
(63220000, 'Дергачівський'),
(63222000, 'Зачепилівський'),
(63226000, 'Золочівський'),
(63228000, 'Ізюмський'),
(63231000, 'Кегичівський'),
(63232000, 'Коломацький'),
(63233000, 'Красноградський'),
(63235000, 'Краснокутський'),
(63237000, 'Куп''янський'),
(63239000, 'Лозівський'),
(63242000, 'Нововодолазький'),
(63245000, 'Первомайський'),
(63246000, 'Печенізький'),
(63248000, 'Сахновщинський'),
(63251000, 'Харківський'),
(63254000, 'Чугуївський'),
(63257000, 'Шевченківський'),
(65203000, 'Білозерський'),
(65206000, 'Бериславський'),
(65209000, 'Великоолександрівський'),
(65212000, 'Великолепетиський'),
(65215000, 'Верхньорогачицький'),
(65218000, 'Високопільський'),
(65221000, 'Генічеський'),
(65223000, 'Голопристанський'),
(65226000, 'Горностаївський'),
(65229000, 'Іванівський'),
(65232000, 'Каланчацький'),
(65235000, 'Каховський'),
(65238000, 'Нижньосірогозький'),
(65241000, 'Нововоронцовський'),
(65244000, 'Новотроїцький'),
(65247000, 'Скадовський'),
(65250000, 'Цюрупинський'),
(65254000, 'Чаплинський'),
(68203000, 'Білогірський'),
(68206000, 'Віньковецький'),
(68209000, 'Волочиський'),
(68212000, 'Городоцький'),
(68215000, 'Деражнянський'),
(68218000, 'Дунаєвецький'),
(68221000, 'Ізяславський'),
(68224000, 'Кам''янець-Подільський'),
(68227000, 'Красилівський'),
(68230000, 'Летичівський'),
(68233000, 'Новоушицький'),
(68236000, 'Полонський'),
(68239000, 'Славутський'),
(68242000, 'Старокостянтинівський'),
(68244000, 'Старосинявський'),
(68247000, 'Теофіпольський'),
(68250000, 'Хмельницький'),
(68252000, 'Чемеровецький'),
(68255000, 'Шепетівський'),
(68258000, 'Ярмолинецький'),
(71203000, 'Городищенський'),
(71206000, 'Драбівський'),
(71209000, 'Жашківський'),
(71212000, 'Звенигородський'),
(71215000, 'Золотоніський'),
(71218000, 'Кам''янський'),
(71220000, 'Канівський'),
(71222000, 'Катеринопільський'),
(71225000, 'Корсунь-Шевченківський'),
(71228000, 'Лисянський'),
(71231000, 'Маньківський'),
(71234000, 'Монастирищенський'),
(71237000, 'Смілянський'),
(71240000, 'Тальнівський'),
(71243000, 'Уманський'),
(71246000, 'Христинівський'),
(71249000, 'Черкаський'),
(71251000, 'Чорнобаївський'),
(71254000, 'Чигиринський'),
(71257000, 'Шполянський'),
(73205000, 'Вижницький'),
(73207000, 'Герцаївський'),
(73210000, 'Глибоцький'),
(73215000, 'Заставнівський'),
(73220000, 'Кельменецький'),
(73225000, 'Кіцманський'),
(73230000, 'Новоселицький'),
(73235000, 'Путильський'),
(73240000, 'Сокирянський'),
(73245000, 'Сторожинецький'),
(73250000, 'Хотинський'),
(74203000, 'Бахмацький'),
(74206000, 'Бобровицький'),
(74208000, 'Борзнянський'),
(74211000, 'Варвинський'),
(74214000, 'Городнянський'),
(74217000, 'Ічнянський'),
(74220000, 'Козелецький'),
(74222000, 'Коропський'),
(74224000, 'Корюківський'),
(74227000, 'Куликівський'),
(74230000, 'Менський'),
(74233000, 'Ніжинський'),
(74236000, 'Новгород-Сіверський'),
(74238000, 'Носівський'),
(74241000, 'Прилуцький'),
(74244000, 'Ріпкинський'),
(74247000, 'Семенівський'),
(74249000, 'Сосницький'),
(74251000, 'Срібнянський'),
(74253000, 'Талалаївський'),
(74255000, 'Чернігівський'),
(74258000, 'Щорський');

-- --------------------------------------------------------

--
-- Структура таблиці `company`
--

CREATE TABLE IF NOT EXISTS `company` (
  `id` int(10) unsigned NOT NULL AUTO_INCREMENT,
  `fullname` varchar(128) NOT NULL,
  `tel` varchar(128) NOT NULL,
  `address` varchar(256) NOT NULL,
  `full_director` varchar(200) NOT NULL,
  `director` varchar(128) NOT NULL,
  `site` varchar(256) NOT NULL,
  `description` text NOT NULL,
  `description_preview` varchar(250) NOT NULL,
  `image` varchar(128) NOT NULL,
  PRIMARY KEY (`id`)
) ENGINE=InnoDB  DEFAULT CHARSET=utf8 COMMENT='Компанії - бази практики ' AUTO_INCREMENT=11 ;

--
-- Дамп даних таблиці `company`
--

INSERT INTO `company` (`id`, `fullname`, `tel`, `address`, `full_director`, `director`, `site`, `description`, `description_preview`, `image`) VALUES
(1, 'НДІ "Квант"', '+38044-287-40-56', '03150, м. Київ, вул. Димитрова, 5', 'директора Положенцева В.В.', 'В.В. Положенцев', 'http://www.kmar.kiev.ua/members/dp-nd-kvant.html', 'ДП «НДІ «Квант» - це підприємство , колектив якого вніс значний внесок в оснащення радіоелектронними системами Військово-Морського Флоту СРСР: підводних човнів , бойових надводних кораблів , морської авіації.\r\n\r\nСьогодні ДП « НДІ« Квант »- це одне з провідних підприємств Державного концерну« Укроборонпром ». Крім військового морського приладобудування, за останні роки наше підприємство досягло значних успіхів також в області розробки і виготовлення радіоелектронних систем для бронетехніки і мобільних зенітно -ракетних комплексів.\r\n\r\nЯкщо аналізувати носії , на яких розміщені вироби ДП « НДІ« Квант » , то можна зробити висновок , що наші фахівці підпорядкували собі всі три стихії. Крім значного внеску в розвиток Збройних сил України , наш колектив може пишатися також своїм внеском у міжнародне військово -технічне співробітництво . ДП « НДІ« Квант »успішно виконав і виконує контракти з країнами Європи , Азії , Америки та Африки.\r\n\r\nСьогодні підприємство володіє необхідним кадровим , інтелектуальним і виробничим потенціалом , що сприяє підвищенню конкурентоспроможності нашої продукції і створення науково - технічного доробку на перспективу.', 'Підприємство військового морського приладобудування, за останні роки наше підприємство досягло значних успіхів також в області розробки і виготовлення радіоелектронних систем для бронетехніки і мобільних зенітно -ракетних комплексів.', '/static/images/img5537f4c45.png'),
(2, 'ТОВ «Лінк Експрес»', '+380674616690   ', 'м. Київ, вул. Польова, 21', 'директора Петрушевського Ю.В.', 'Ю.В. Петрушевський ', 'http://www.le.net.ua/', 'ТОВ "ЛiнкЕкспрес" створено в 1999 р. спецiалiстами в галузi Супутникових Телекомунiкацiйних систем та Комп''ютерних мереж.\r\n\r\nКомпанiя ставить перед собою задачi експрес-проектування та будiвництва ефективних систем супутникового зв''язку, а також глобальних комп''ютерних мереж, якi дозволяють вирiшувати проблеми передачi i накопичення iнформацiї в умовах вiдсутностi або незадовiльної якостi наземних каналiв.\r\n\r\nЗ 2005 року ТОВ "ЛінкЕкспрес" має статус першого Національного виробника сертифікованої Земної супутникової станції LE VSAT.\r\n\r\nЗ 2009 року ТОВ "ЛінкЕкспрес" виконує розробки та впровадження Спеціалізованих станцій технічного контролю ССТК для ДП УДЦР.', 'Ми пропонуємо оригiнальнi економiчнi рiшення для систем Корпоративного зв''язку, Супутникового Iнтернета, цифрових лiнiй зв''язку Точка з Точкою, Супутникових мереж Теле- та Радiо- мовлення, мобільних та переносних систем технічного контролю типу ССТК', '/static/images/img553712345.png'),
(3, 'Київська державна телерадіокомпанія', '050 45 18 778 - Кубюк Юрій Володимирович', 'м. Київ, вул. Хрещатик, 26', 'директора Савенко О.М.', 'О.М. Савенко  ', 'http://www.kdrtrk.inet.ua/', 'Київська державна розпочала своє мовлення 12 грудня 1995 року. Ця дата і є нашим Днем народження. Сьогодні нас транслює супутник KA AzerSpace-1. Всі кабельні оператори столичного регіону та мережа наземних станцій.\r\n\r\nНаша аудиторія – це Україна, Східна Європа та Близький Схід. Сьогодні регіональне  телебачення  та радіо по популярності на четвертому місці у населення після так званої великої трійки центральних каналів.', 'КТРК - регіональне  телебачення та радіо м. Києва. За популярністю на четвертому місці у населення після так званої великої трійки центральних каналів.', '/static/images/img5537ef34d.jpg'),
(4, 'ПАТ "Київський завод "РАДАР"', '044 528-13-47', 'Киев, вул.Предславинская, 35', 'заст. директора  Павлюка Юрія Федоровича', 'Ю.Ф. Павлюк', 'http://radar.net.ua', 'ПАО “Киевский завод “Радар” - одно из передовых предприятий Украины, специализирующееся на производстве современного радиоэлектронного и радиолокационного оборудования для самолетов и вертолетов. Высокая репутация «Радара» - это результат многолетней успешной работы коллектива и надежность выпускаемых изделий.\r\n\r\n Завод был создан в 1930 году и стал одним из первых заводов авиационного приборостроения в Украине. Завод известен, как производитель первых в СССР самолетных радиолокаторов ПСБН, радиолокационных головок самонаведения для авиационных ракет класса «воздух - воздух», а также сложных и особо сложных радиолокационных комплексов для самолетов и вертолетов, выпускаемых авиационными предприятиями Харькова, Киева, Казани, Ульяновска, Новосибирска, Ташкента, Кумертау и других городов.\r\n\r\n Завод приглашает к сотрудничеству разработчиков, потенциальных инвесторов и другие организации в создании совместных предприятий по внедрению в производство и серийному изготовлению сложной наукоемкой продукции приборостроения для авиации и других отраслей промышленности, товаров промышленного и бытового назначения. Завод располагает производственными мощностями, позволяющими выполнять заказы сторонних организаций (механическое, инструментальное, монтажно-сборочное производство, изготовление печатных плат). ', 'Специализируется на производстве современного радиоэлектронного и радиолокационного оборудования для самолетов и вертолетов. Производитель самолетных радиолокаторов ПСБН, радиолокационных головок самонаведения для авиационных ракет класса «воздух — в', '/static/images/img5537ef34e.jpg'),
(5, 'ПАТ "Квазар"', '044 200-93-31 - Ірина Михайлівна - відділ кадрів', 'м.Київ, вул. Північно-Сирецька 3', 'Алла Миколаївна', 'Алла Миколаївна', 'http://www.kvazar.com', 'Компания Квазар - ведущий производитель солнечных модулей на Украине. Активно наращивает своё участие в реализации проектов строительства солнечных станций на Украине по новым требованиям.', 'Компания Квазар - ведущий производитель солнечных модулей на Украине. Активно наращивает своё участие в реализации проектов строительства солнечных станций на Украине по новым требованиям. ', '/static/images/img553712346.png'),
(6, 'ПрАТ "Холдингова компанія "Укрспецтехніка"', '044 257-99-24 ', '03680, м. Київ, вул. Трутенко, 2', 'виконавчий директор Ляшенко Іван Сергійович', 'І. С. Ляшенко', 'http://www.ust.com.ua/', 'Открытое акционерное общество "Холдинговая компания "Укрспецтехника" действует на рынке телекоммуникаций и электронных технологий с 1989 года. Опыт специалистов, творческая удача и талант позволили завоевать одну из самых ведущих позиций в Украине в области разработки, создания и поставки широкого спектра сложной радиоэлектронной и другой техники военного и специального назначения.\r\n\r\nХолдинговая компания объединяет ряд предприятий, среди которых:\r\n\r\n    "Укрспецтехника"\r\n    "Укрспецтехника - система"\r\n    "Укрспецтехника - комплекс"\r\n    "Информцентр"\r\n    "Спецмеханика"\r\n    "МТ-Альфа". \r\n\r\nОсновными направлениями деятельности холдинга и его предприятий является разработка, проектирование, изготовление, поставка, монтаж и обслуживание специальной электроники, высокотехнологичного и наукоемкого вооружения, средств телекоммуникаций.', 'Основными направлениями деятельности холдинга и его предприятий является разработка, проектирование, изготовление, поставка, монтаж и обслуживание специальной электроники, высокотехнологичного и наукоемкого вооружения, средств телекоммуникаций.', '/static/images/img5537ef34c.jpg'),
(7, 'ТОВ "НВП "Квант-Ефір" ', '044 531-42-20  Миронова Тетяна Вікторовна  - відділ кадрів', 'м. Київ, вул. Деревообробна 5', 'директора Омелянюка Х.Х.', 'Х.Х. Омелянюк', 'http://www.kvantefir.com', '<p>Компанія &laquo;<strong>Квант-Ефір</strong>&raquo; є одним із лідерів серед виробників передавального аналогового обладнання та цифрового обладнання стандартів <strong>DVB-T/T2</strong> на ринку країн центральної і східної Європи. <em>За 20 років</em> діяльності замовниками &laquo;Квант-Ефіру&raquo; стали найбільші загальнонаціональні телерадіокомпанії, оператори супутникового зв&rsquo;язку та телекомунікаційних наземних телемереж України, Білорусії, Молдови, Грузії, Таджикистану, Киргизстану, Азербайджану та інших країн &quot;</p>\r\n\r\n<p>&laquo;Квант-Ефір&raquo; гарантує високу якість та надійність виробів, а спеціалізовані в кількох технічних напрямках власні підрозділи сервісного центру забезпечують 24-х годинну підтримку замовників. &laquo;Квант-Ефір&raquo; забезпечує як поставку окремих зразків техніки, так і комплексну розробку реалізації проектів багатоканальних цифрових ефірних телемереж стандартів <strong>DVB-T/T2</strong> з поставкою &laquo;під ключ&raquo;.</p>\r\n\r\n<p>Девіз компанії &ndash; &laquo;Якість передусім &ndash; жодних компромісів за рахунок якості!&raquo; &ndash; був введений ще 20 років тому, і з того часу компанія жорстко дотримується його, не беручи до уваги витрати часу і коштів.</p>\r\n\r\n<p>Для &laquo;Квант-Ефіра&raquo; якісним є те, що сьогодні &ndash; найкраще!</p>\r\n\r\n<p><a href="http://kvantefir.com/assets/files/pdfdownloads/Presentation_2014-ukr.pdf">Про компанію Квант-Ефір та її розробки.</a></p>\r\n', 'Компанія &laquo;<strong>Квант-Ефір</strong>&raquo; є одним із лідерів серед виробників передавального аналогового обладнання та цифрового обладнання стандартів <strong>DVB-T/T2</strong> на ринку країн центральної і східної Європи.', '/static/images/img5537f4c31.png'),
(8, 'Казенне підприємство спеціального приладобудування "АРСЕНАЛ"', '044 281 38 83 - Сербін Руслан Володимирович – нач. отдела труда', 'м. Київ, вул. Московська 8', 'Директор – головний конструктор Лихоліт Микола Іванович', 'М. І. Лихоліт ', 'http://arsenalcdb.com.ua/', '<p><br />\r\nКП СПБ &quot;Арсенал&quot; розробляє оптичні й оптико-електронні прилади і системи для аерокосмічних комплексів, різних систем озброєння, для вимірювальних і аналітичних цілей у промисловості, в сільському господарстві, медицині, фототехніці.</p>\r\n\r\n<p>КП СПБ &quot;Арсенал&quot; розробляє оптичні й оптико-електронні прилади і системи для аерокосмічних комплексів, різних систем озброєння, для вимірювальних і аналітичних цілей у промисловості, в сільському господарстві, медицині, фототехніці.</p>\r\n\r\n<p><em><strong>Телефон:</strong>+38(044) 253-00-62, +38(044) 254-53-39</em></p>\r\n\r\n<p><em><strong>Факс:</strong>+38(044) 253-00-62</em></p>\r\n\r\n<p><em><strong>E-mail:</strong><a href="mailto:">info@arsenalcdb.com.ua </a></em></p>\r\n', 'КП СПБ &quot;Арсенал&quot; розробляє оптичні й оптико-електронні прилади і системи для аерокосмічних комплексів, різних систем озброєння, для вимірювальних і аналітичних цілей у промисловості, в сільському господарстві, медицині, фототехніці', '/static/images/img553809930.jpg'),
(9, 'ПАТ "Український науково-дослідницький інститут радіосистем"', '044 425-52-70', 'м. Київ, вул. В. Хвойки 15/15, корп. 55', 'генеральний директор Колесник Микола Іванович', 'М. І. Колесник ', 'http://ukrniira.com.ua', '<p>Підприємство близько 35 років спеціалізується на розробці, випробуваннях і серійному виробництві авіаційної бортової радіоапаратури для різних типів повітряних суден.</p>\r\n\r\n<p>В даний час підприємство випускає ряд високотехнологічних сертифікованих виробів, що мають свідоцтва про придатність комплектуючого виробу Авіаційного регістра Міждержавного авіаційного комітету (АР МАК).</p>\r\n\r\n<p>Виробництво ПАТ &quot;УкрНІІРА&quot; також сертифіковане і має Свідоцтво про схвалення виробництва № ОП 69-ПКІ від 01.03.2010 р. АР МАК.</p>\r\n\r\n<p>Наведені в таблиці наші комерційні пропозиції конкретизуються при підписанні відповідних договорів на поставку. Терміни постачання (15 ... 90 днів) залежать від обсягу замовлення, умов оплати і уточнюються при підписанні договору.</p>\r\n', '<p>Підприємство близько 35 років спеціалізується на розробці, випробуваннях і серійному виробництві авіаційної бортової радіоапаратури для різних типів повітряних суден.</p>\r\n\r\n<p>В даний час підприємство випускає ряд високотехнологічних сертифікован', '/static/images/img554b4a66b.jpg');

-- --------------------------------------------------------

--
-- Структура таблиці `company_keywords`
--

CREATE TABLE IF NOT EXISTS `company_keywords` (
  `id_company` int(10) unsigned NOT NULL,
  `id_keywords` int(10) unsigned NOT NULL,
  UNIQUE KEY `id_company` (`id_company`,`id_keywords`)
) ENGINE=InnoDB DEFAULT CHARSET=utf8 COMMENT='Привязка ключових слів до компаній';

--
-- Дамп даних таблиці `company_keywords`
--

INSERT INTO `company_keywords` (`id_company`, `id_keywords`) VALUES
(1, 1),
(2, 1),
(2, 2),
(2, 3),
(2, 4),
(2, 5),
(2, 6);

-- --------------------------------------------------------

--
-- Структура таблиці `documents`
--

CREATE TABLE IF NOT EXISTS `documents` (
  `id` int(10) unsigned NOT NULL AUTO_INCREMENT,
  `type` int(10) unsigned NOT NULL,
  `reg_num` varchar(32) NOT NULL,
  `reg_date` date NOT NULL,
  `file` varchar(128) NOT NULL,
  `status` int(10) unsigned NOT NULL,
  PRIMARY KEY (`id`),
  KEY `type` (`type`),
  KEY `status` (`status`)
) ENGINE=InnoDB  DEFAULT CHARSET=utf8 AUTO_INCREMENT=7 ;

--
-- Дамп даних таблиці `documents`
--

INSERT INTO `documents` (`id`, `type`, `reg_num`, `reg_date`, `file`, `status`) VALUES
(1, 1, '29/2100', '2015-03-26', 'prakt_ndi_kvant.pdf', 5),
(2, 1, '28/2100', '2015-03-26', 'prakt_ktrk.pdf', 2),
(3, 1, '36/2100', '2015-04-09', 'prakt_ukrspectechnika.pdf', 2),
(4, 1, '39/2100', '2015-04-09', 'prakt_linkexpess.pdf', 5),
(5, 1, '37/2100', '2015-04-09', 'prakt_radar.pdf', 2),
(6, 1, '38/2100', '2015-04-09', '', 5);

-- --------------------------------------------------------

--
-- Структура таблиці `documents_status`
--

CREATE TABLE IF NOT EXISTS `documents_status` (
  `id` int(10) unsigned NOT NULL AUTO_INCREMENT,
  `status` varchar(128) NOT NULL,
  PRIMARY KEY (`id`)
) ENGINE=InnoDB  DEFAULT CHARSET=utf8 AUTO_INCREMENT=6 ;

--
-- Дамп даних таблиці `documents_status`
--

INSERT INTO `documents_status` (`id`, `status`) VALUES
(1, 'Пропозиція'),
(2, 'Узгоджений'),
(3, 'Відправлений по пошті'),
(4, 'Ініціатива'),
(5, 'Підписаний');

-- --------------------------------------------------------

--
-- Структура таблиці `documents_type`
--

CREATE TABLE IF NOT EXISTS `documents_type` (
  `id` int(10) unsigned NOT NULL AUTO_INCREMENT,
  `type` varchar(100) NOT NULL,
  PRIMARY KEY (`id`),
  UNIQUE KEY `type` (`type`)
) ENGINE=InnoDB  DEFAULT CHARSET=utf8 AUTO_INCREMENT=8 ;

--
-- Дамп даних таблиці `documents_type`
--

INSERT INTO `documents_type` (`id`, `type`) VALUES
(6, 'Гарантійний лист'),
(7, 'Договір про співпрацю'),
(3, 'Звіт керівників проходження практики'),
(2, 'Звіт про проходження практики студента'),
(5, 'Наказ по університету'),
(4, 'Програма практики'),
(1, 'Угода на проведення практики студентів ');

-- --------------------------------------------------------

--
-- Структура таблиці `group`
--

CREATE TABLE IF NOT EXISTS `group` (
  `id` int(10) unsigned NOT NULL AUTO_INCREMENT,
  `name` varchar(7) NOT NULL,
  `speciality_id` int(10) unsigned NOT NULL,
  PRIMARY KEY (`id`),
  UNIQUE KEY `name` (`name`),
  KEY `speciality_id` (`speciality_id`)
) ENGINE=InnoDB  DEFAULT CHARSET=utf8 AUTO_INCREMENT=30 ;

--
-- Дамп даних таблиці `group`
--

INSERT INTO `group` (`id`, `name`, `speciality_id`) VALUES
(1, 'РА-21', 1),
(2, 'РА-22', 1),
(3, 'РС-21', 1),
(4, 'РС-22', 1),
(5, 'РТ-21', 1),
(6, 'РТ-22', 1),
(7, 'РА-31', 1),
(8, 'РА-32', 1),
(9, 'РС-31', 1),
(10, 'РС-32', 1),
(11, 'РТ-31', 1),
(12, 'РТ-32', 1),
(13, 'РВ-21', 2),
(14, 'РІ-21', 2),
(15, 'РБ-21', 2),
(16, 'РВ-41с', 15),
(17, 'РА-41с', 9),
(18, 'РА-41м', 10),
(19, 'РБ-41м', 20),
(20, 'РБ-41с', 19),
(21, 'РВ-41м', 16),
(22, 'РІ-41м', 18),
(23, 'РІ-41с', 17),
(24, 'РС-41м', 14),
(25, 'РС-41с', 13),
(26, 'РТ-41м', 12),
(27, 'РТ-41с', 11),
(28, 'РВ-22', 2),
(29, 'РІ-22', 2);

-- --------------------------------------------------------

--
-- Структура таблиці `group_praxis`
--

CREATE TABLE IF NOT EXISTS `group_praxis` (
  `group_id` int(10) unsigned NOT NULL,
  `praxistype_id` int(10) unsigned NOT NULL,
  UNIQUE KEY `group_id` (`group_id`,`praxistype_id`),
  KEY `group_id_2` (`group_id`),
  KEY `praxistype_id` (`praxistype_id`)
) ENGINE=InnoDB DEFAULT CHARSET=utf8;

--
-- Дамп даних таблиці `group_praxis`
--

INSERT INTO `group_praxis` (`group_id`, `praxistype_id`) VALUES
(1, 1),
(2, 1),
(3, 1),
(4, 1),
(5, 1),
(6, 1),
(13, 1),
(14, 1),
(15, 1),
(16, 3),
(17, 3),
(20, 3),
(23, 3),
(25, 3),
(27, 3),
(28, 1);

-- --------------------------------------------------------

--
-- Структура таблиці `keywords`
--

CREATE TABLE IF NOT EXISTS `keywords` (
  `id` int(11) NOT NULL AUTO_INCREMENT,
  `keyword` varchar(100) NOT NULL,
  PRIMARY KEY (`id`)
) ENGINE=InnoDB  DEFAULT CHARSET=utf8 COMMENT='Ключові слова' AUTO_INCREMENT=7 ;

--
-- Дамп даних таблиці `keywords`
--

INSERT INTO `keywords` (`id`, `keyword`) VALUES
(1, 'НВЧ пристрої'),
(2, 'Передавачі'),
(3, 'монтажна робота '),
(4, 'автомобільна бортова мережа'),
(5, 'силові пристрої '),
(6, 'супутниковий зв''язок');

-- --------------------------------------------------------

--
-- Структура таблиці `menu`
--

CREATE TABLE IF NOT EXISTS `menu` (
  `id` int(11) NOT NULL AUTO_INCREMENT,
  `name` varchar(128) NOT NULL,
  `parent` int(11) DEFAULT NULL,
  `route` varchar(256) DEFAULT NULL,
  `order` int(11) DEFAULT NULL,
  `data` text,
  PRIMARY KEY (`id`),
  KEY `parent` (`parent`)
) ENGINE=InnoDB  DEFAULT CHARSET=utf8 AUTO_INCREMENT=3 ;

--
-- Дамп даних таблиці `menu`
--

INSERT INTO `menu` (`id`, `name`, `parent`, `route`, `order`, `data`) VALUES
(1, 'main', NULL, '/site/index', 2, NULL),
(2, 'admin', 1, '/user/admin/index', 1, NULL);

-- --------------------------------------------------------

--
-- Структура таблиці `migration`
--

CREATE TABLE IF NOT EXISTS `migration` (
  `version` varchar(180) NOT NULL,
  `apply_time` int(11) DEFAULT NULL,
  PRIMARY KEY (`version`)
) ENGINE=InnoDB DEFAULT CHARSET=utf8;

--
-- Дамп даних таблиці `migration`
--

INSERT INTO `migration` (`version`, `apply_time`) VALUES
('m000000_000000_base', 1429203086),
('m140209_132017_init', 1429203117),
('m140403_174025_create_account_table', 1429203119),
('m140504_113157_update_tables', 1429203124),
('m140504_130429_create_token_table', 1429203125),
('m140602_111327_create_menu_table', 1429622571),
('m140830_171933_fix_ip_field', 1429203126),
('m140830_172703_change_account_table_name', 1429203126),
('m141222_110026_update_ip_field', 1429203127);

-- --------------------------------------------------------

--
-- Структура таблиці `praxis_doc`
--

CREATE TABLE IF NOT EXISTS `praxis_doc` (
  `praxis_id` int(10) unsigned NOT NULL,
  `document_id` int(10) unsigned NOT NULL,
  UNIQUE KEY `praxis_id` (`praxis_id`,`document_id`)
) ENGINE=InnoDB DEFAULT CHARSET=utf8;

-- --------------------------------------------------------

--
-- Структура таблиці `praxis_event`
--

CREATE TABLE IF NOT EXISTS `praxis_event` (
  `id` int(10) unsigned NOT NULL AUTO_INCREMENT,
  `group_id` int(10) unsigned NOT NULL,
  `student_id` varchar(11) NOT NULL,
  `guide_id` int(11) DEFAULT NULL,
  `company_id` int(10) unsigned DEFAULT NULL,
  `praxis_type` int(10) unsigned DEFAULT NULL,
  `year` year(4) NOT NULL,
  PRIMARY KEY (`id`),
  UNIQUE KEY `student_id` (`student_id`,`praxis_type`,`year`),
  KEY `company_id` (`company_id`),
  KEY `praxis_type` (`praxis_type`)
) ENGINE=InnoDB  DEFAULT CHARSET=utf8 AUTO_INCREMENT=183 ;

--
-- Дамп даних таблиці `praxis_event`
--

INSERT INTO `praxis_event` (`id`, `group_id`, `student_id`, `guide_id`, `company_id`, `praxis_type`, `year`) VALUES
(1, 17, '3426613136', NULL, 4, 3, 2015),
(2, 17, '3408313654', NULL, NULL, 3, 2015),
(3, 17, '3426705693', NULL, NULL, 3, 2015),
(4, 17, '3392012752', NULL, NULL, 3, 2015),
(5, 17, '3402005856', NULL, 4, 3, 2015),
(6, 17, '3428501761', NULL, NULL, 3, 2015),
(47, 1, '3450802876', NULL, NULL, 1, 2015),
(48, 1, '3460403988', NULL, NULL, 1, 2015),
(49, 1, '3438313898', NULL, NULL, 1, 2015),
(50, 1, '3369807491', NULL, NULL, 1, 2015),
(51, 1, '3454815719', NULL, NULL, 1, 2015),
(52, 1, '3468304434', NULL, NULL, 1, 2015),
(53, 1, '3432202317', NULL, NULL, 1, 2015),
(54, 1, '3441013896', NULL, NULL, 1, 2015),
(55, 1, '3471800190', NULL, NULL, 1, 2015),
(56, 1, '3466711705', NULL, NULL, 1, 2015),
(57, 1, '3457802371', NULL, NULL, 1, 2015),
(58, 1, '3478300094', NULL, NULL, 1, 2015),
(59, 2, '3464400223', NULL, NULL, 1, 2015),
(60, 2, '3453012819', NULL, NULL, 1, 2015),
(61, 2, '3430504917', NULL, NULL, 1, 2015),
(62, 2, '3485513916', NULL, NULL, 1, 2015),
(63, 2, '3476308897', NULL, NULL, 1, 2015),
(64, 2, '3478600973', NULL, NULL, 1, 2015),
(65, 2, '3469002374', NULL, NULL, 1, 2015),
(66, 2, '3475812992', NULL, NULL, 1, 2015),
(67, 2, '3462410385', NULL, NULL, 1, 2015),
(68, 2, '3489611656', NULL, NULL, 1, 2015),
(69, 2, '3460609347', NULL, NULL, 1, 2015),
(70, 2, '3485912758', NULL, NULL, 1, 2015),
(71, 5, '3479314059', NULL, NULL, 1, 2015),
(72, 5, '3479608331', NULL, NULL, 1, 2015),
(73, 5, '3486007450', NULL, NULL, 1, 2015),
(74, 5, '3479114039', NULL, NULL, 1, 2015),
(75, 5, '3500011256', NULL, NULL, 1, 2015),
(76, 5, '3485306617', NULL, NULL, 1, 2015),
(77, 5, '3501907713', NULL, NULL, 1, 2015),
(78, 5, '3437108553', NULL, NULL, 1, 2015),
(79, 6, '3469513390', NULL, NULL, 1, 2015),
(80, 6, '3482112754', NULL, NULL, 1, 2015),
(81, 6, '3430610113', NULL, NULL, 1, 2015),
(82, 6, '3449200031', NULL, NULL, 1, 2015),
(83, 6, '3476005514', NULL, NULL, 1, 2015),
(84, 6, '3467605178', NULL, NULL, 1, 2015),
(85, 6, '3479914155', NULL, NULL, 1, 2015),
(86, 6, '3473812242', NULL, NULL, 1, 2015),
(87, 6, '3483814031', NULL, NULL, 1, 2015),
(88, 6, '3467111238', NULL, NULL, 1, 2015),
(89, 13, '3463608675', NULL, NULL, 1, 2015),
(90, 13, '3458002275', NULL, NULL, 1, 2015),
(91, 13, '3493702370', NULL, NULL, 1, 2015),
(92, 13, '3495700620', NULL, NULL, 1, 2015),
(93, 13, '3450911315', NULL, NULL, 1, 2015),
(94, 13, '3454910436', NULL, NULL, 1, 2015),
(95, 13, '3489009534', NULL, NULL, 1, 2015),
(96, 13, '3450012158', NULL, NULL, 1, 2015),
(97, 13, '3488415095', NULL, NULL, 1, 2015),
(98, 13, '3475902393', NULL, NULL, 1, 2015),
(99, 13, '3460509817', NULL, NULL, 1, 2015),
(100, 13, '3410516379', NULL, NULL, 1, 2015),
(101, 28, '3496010996', NULL, NULL, 1, 2015),
(102, 28, '3467309091', NULL, NULL, 1, 2015),
(103, 28, '3493008813', NULL, NULL, 1, 2015),
(104, 28, '3498409572', NULL, NULL, 1, 2015),
(105, 28, '3491413664', NULL, NULL, 1, 2015),
(106, 28, '3435012355', NULL, NULL, 1, 2015),
(107, 28, '3492813305', NULL, NULL, 1, 2015),
(108, 28, '3459008056', NULL, NULL, 1, 2015),
(109, 28, '3469007977', NULL, NULL, 1, 2015),
(110, 14, '3478704670', NULL, NULL, 1, 2015),
(111, 14, '3478109334', NULL, NULL, 1, 2015),
(112, 14, '3448900519', NULL, NULL, 1, 2015),
(113, 14, '3430511996', NULL, NULL, 1, 2015),
(114, 14, '3465313658', NULL, NULL, 1, 2015),
(115, 14, '3462407658', NULL, NULL, 1, 2015),
(116, 14, '3439100312', NULL, NULL, 1, 2015),
(117, 14, '3478202990', NULL, NULL, 1, 2015),
(118, 14, '3478204104', NULL, NULL, 1, 2015),
(119, 14, '3483213439', NULL, NULL, 1, 2015),
(120, 15, '3462209466', NULL, NULL, 1, 2015),
(121, 15, '3487400067', NULL, NULL, 1, 2015),
(122, 15, '3464603766', NULL, NULL, 1, 2015),
(123, 15, '3499005791', NULL, NULL, 1, 2015),
(124, 15, '3480412396', NULL, NULL, 1, 2015),
(125, 15, '3498806083', NULL, NULL, 1, 2015),
(126, 15, '3430205399', NULL, NULL, 1, 2015),
(127, 15, '3472405656', NULL, NULL, 1, 2015),
(128, 15, '3436913577', NULL, NULL, 1, 2015),
(129, 3, '3433715596', NULL, NULL, 1, 2015),
(130, 3, '3471507496', NULL, NULL, 1, 2015),
(131, 3, '3438106997', NULL, NULL, 1, 2015),
(132, 3, '3484300438', NULL, NULL, 1, 2015),
(133, 3, '3466709134', NULL, NULL, 1, 2015),
(134, 3, '3459704897', NULL, NULL, 1, 2015),
(135, 3, '3461700119', NULL, NULL, 1, 2015),
(136, 3, '3498606233', NULL, NULL, 1, 2015),
(137, 3, '3494606978', NULL, NULL, 1, 2015),
(138, 3, '3488811064', NULL, NULL, 1, 2015),
(139, 3, '3450709338', NULL, NULL, 1, 2015),
(140, 3, '3478303226', NULL, NULL, 1, 2015),
(141, 4, '3478400163', NULL, NULL, 1, 2015),
(142, 4, '3420907028', NULL, NULL, 1, 2015),
(143, 4, '3473502018', NULL, NULL, 1, 2015),
(144, 4, '3472214596', NULL, NULL, 1, 2015),
(145, 4, '3465504613', NULL, NULL, 1, 2015),
(146, 4, '3439316133', NULL, NULL, 1, 2015),
(147, 4, '3476314136', NULL, NULL, 1, 2015),
(148, 16, '3410508933', NULL, NULL, 3, 2015),
(149, 16, '3422806717', NULL, NULL, 3, 2015),
(150, 16, '3374312792', NULL, NULL, 3, 2015),
(151, 16, '3310613815', NULL, NULL, 3, 2015),
(152, 16, '3405710037', NULL, NULL, 3, 2015),
(153, 16, '3405105175', NULL, NULL, 3, 2015),
(154, 16, '3422209758', NULL, NULL, 3, 2015),
(155, 16, '3413716159', NULL, NULL, 3, 2015),
(156, 23, '3376617117', NULL, NULL, 3, 2015),
(157, 23, '3410314794', NULL, NULL, 3, 2015),
(158, 23, '3356010879', NULL, NULL, 3, 2015),
(159, 23, '3369105838', NULL, NULL, 3, 2015),
(160, 20, '3401207034', NULL, NULL, 3, 2015),
(161, 20, '3390115728', NULL, NULL, 3, 2015),
(162, 20, '3417118990', NULL, NULL, 3, 2015),
(163, 25, '3425612853', NULL, NULL, 3, 2015),
(164, 25, '3417715479', NULL, NULL, 3, 2015),
(165, 25, '3389416017', NULL, NULL, 3, 2015),
(166, 25, '3399013139', NULL, NULL, 3, 2015),
(167, 25, '3398700039', NULL, NULL, 3, 2015),
(168, 25, '3431110218', NULL, NULL, 3, 2015),
(169, 25, '3334014410', NULL, NULL, 3, 2015),
(170, 25, '3388503290', NULL, NULL, 3, 2015),
(171, 25, '3410603850', NULL, NULL, 3, 2015),
(172, 27, '3421112712', NULL, NULL, 3, 2015),
(173, 27, '3425612677', NULL, NULL, 3, 2015),
(174, 27, '3408608035', NULL, NULL, 3, 2015),
(175, 27, '3411302016', NULL, NULL, 3, 2015),
(176, 27, '3423814559', NULL, NULL, 3, 2015),
(177, 27, '3418506333', NULL, NULL, 3, 2015),
(178, 27, '3432006175', NULL, NULL, 3, 2015),
(179, 27, '3396915439', NULL, NULL, 3, 2015),
(180, 27, '3325410373', NULL, NULL, 3, 2015),
(181, 27, '3357613794', NULL, NULL, 3, 2015),
(182, 27, '3431206631', NULL, NULL, 3, 2015);

-- --------------------------------------------------------

--
-- Структура таблиці `praxis_type`
--

CREATE TABLE IF NOT EXISTS `praxis_type` (
  `id` int(10) unsigned NOT NULL AUTO_INCREMENT,
  `name` varchar(128) NOT NULL,
  PRIMARY KEY (`id`)
) ENGINE=InnoDB  DEFAULT CHARSET=utf8 AUTO_INCREMENT=5 ;

--
-- Дамп даних таблиці `praxis_type`
--

INSERT INTO `praxis_type` (`id`, `name`) VALUES
(1, 'Виробнича практика 3 курс'),
(2, 'Переддипломна практика 4 курс'),
(3, 'Переддипломна практика 6 курс'),
(4, 'Науково-дослідницька практика 6 курс');

-- --------------------------------------------------------

--
-- Структура таблиці `profile`
--

CREATE TABLE IF NOT EXISTS `profile` (
  `user_id` int(11) NOT NULL,
  `name` varchar(255) DEFAULT NULL,
  `public_email` varchar(255) DEFAULT NULL,
  `gravatar_email` varchar(255) DEFAULT NULL,
  `gravatar_id` varchar(32) DEFAULT NULL,
  `location` varchar(255) DEFAULT NULL,
  `phone` varchar(255) DEFAULT NULL,
  `bio` text,
  `speciality_id` int(10) unsigned NOT NULL,
  `group_id` int(10) unsigned NOT NULL,
  `ipn` varchar(11) NOT NULL,
  PRIMARY KEY (`user_id`),
  KEY `name` (`name`),
  KEY `speciality_id` (`speciality_id`)
) ENGINE=InnoDB DEFAULT CHARSET=utf8;

--
-- Дамп даних таблиці `profile`
--

INSERT INTO `profile` (`user_id`, `name`, `public_email`, `gravatar_email`, `gravatar_id`, `location`, `phone`, `bio`, `speciality_id`, `group_id`, `ipn`) VALUES
(1, 'Мосійчук Віталій Сергійович', 'mosvits@gmail.com', 'mosvits@gmail.com', 'd88a17728d707c5da24646af93ff9bfc', '03056, м. Київ, вул. Борщагівська 145 кв. 122', '+380677647875', 'к.т.н., доцент;  Працює в КПІ з 2007 року.\r\nВеде лекційні курси «Цифрові пристрої», «Мікроконтролерне  керування електронної апаратури», «WEB-дизайн», «Схемотехніка  електронних апаратів».\r\nГалузь наукових інтересів: біомедичні пристрої та системи,  завадостійкість сенсорів медичного призначення.', 2, 13, ''),
(2, 'Гусєва Олена Володимирівна', 'guseva@tor.kpi.ua', 'guseva@tor.kpi.ua', 'b79bf982c343a6d96042671e58a6d162', 'Kiev, Ukraine', '+38066703973', 'День народження 14 квітня', 0, 0, ''),
(3, 'Пастухова Вікторія Володимирівна', 'pastuhova@ukr.net', 'pastuhova@ukr.net', '9d70e3826bb92d1a03b715089fe32799', '', '+38067000000', '1993-01-21', 10, 18, '3398910961'),
(4, 'Гайдаєнко Євген Віталійович', '', 'gaydaenko@ros.kpi.ua', '716739d85490b858af16ad6711fec236', '', '+38066380289', '', 0, 0, ''),
(10, 'Касьянов Максим Сергійович', 'mosijchuk.julia@gmail.com', 'mosijchuk.julia@gmail.com', 'c8995a4bd846eb5909842a7622329008', 'м. Київ, вул. Борщагівська 145, кв. 122, 03056', '+380963955532', '', 15, 16, '3409316637'),
(12, 'Велигорський Віталій Юрійович', 'mosvits@ukr.net', NULL, NULL, NULL, NULL, '1993-09-17', 15, 16, '3422806717'),
(13, NULL, 'nnnnn@nn.nn', NULL, NULL, NULL, '+380673332233', NULL, 0, 0, ''),
(14, 'Доценко Яна Олександрівна', 'nmm@nn.mm', '', 'd41d8cd98f00b204e9800998ecf8427e', '', '+380931234567', '', 9, 17, '3428501761'),
(15, NULL, 'mosv@ukrpost.net', NULL, NULL, NULL, NULL, NULL, 0, 0, '');

-- --------------------------------------------------------

--
-- Структура таблиці `request`
--

CREATE TABLE IF NOT EXISTS `request` (
  `company_id` int(10) unsigned NOT NULL,
  `speciality_id` int(10) unsigned NOT NULL,
  `count` tinyint(3) unsigned NOT NULL,
  `document_id` int(10) unsigned NOT NULL,
  `year` year(4) NOT NULL,
  PRIMARY KEY (`company_id`,`speciality_id`,`year`),
  KEY `speciality_id` (`speciality_id`),
  KEY `document_id` (`document_id`)
) ENGINE=InnoDB DEFAULT CHARSET=utf8;

--
-- Дамп даних таблиці `request`
--

INSERT INTO `request` (`company_id`, `speciality_id`, `count`, `document_id`, `year`) VALUES
(1, 1, 4, 1, 2015),
(2, 1, 4, 4, 2015),
(2, 5, 2, 4, 2015),
(3, 1, 10, 2, 2015),
(3, 5, 10, 2, 2015),
(4, 1, 3, 5, 2015),
(4, 2, 3, 5, 2015),
(4, 5, 6, 5, 2015),
(4, 6, 6, 5, 2015),
(6, 1, 3, 3, 2015),
(6, 2, 3, 3, 2015),
(6, 5, 1, 3, 2015),
(6, 6, 1, 3, 2015),
(9, 1, 2, 6, 2015),
(9, 2, 1, 6, 2015),
(9, 5, 1, 6, 2015);

-- --------------------------------------------------------

--
-- Структура таблиці `social_account`
--

CREATE TABLE IF NOT EXISTS `social_account` (
  `id` int(11) NOT NULL AUTO_INCREMENT,
  `user_id` int(11) DEFAULT NULL,
  `provider` varchar(255) NOT NULL,
  `client_id` varchar(255) NOT NULL,
  `data` text,
  PRIMARY KEY (`id`),
  UNIQUE KEY `account_unique` (`provider`,`client_id`),
  KEY `fk_user_account` (`user_id`)
) ENGINE=InnoDB  DEFAULT CHARSET=utf8 AUTO_INCREMENT=8 ;

--
-- Дамп даних таблиці `social_account`
--

INSERT INTO `social_account` (`id`, `user_id`, `provider`, `client_id`, `data`) VALUES
(7, 13, 'twitter', '2785870883', '{"id":2785870883,"id_str":"2785870883","name":"Vitaliy","screen_name":"mosvits","location":"Ukraina","description":"nnn","url":"http:\\/\\/t.co\\/ZZb1JaIlOQ","entities":{"url":{"urls":[{"url":"http:\\/\\/t.co\\/ZZb1JaIlOQ","expanded_url":"http:\\/\\/radap.kpi.ua","display_url":"radap.kpi.ua","indices":[0,22]}]},"description":{"urls":[]}},"protected":false,"followers_count":0,"friends_count":2,"listed_count":0,"created_at":"Fri Sep 26 17:05:38 +0000 2014","favourites_count":0,"utc_offset":10800,"time_zone":"Kiev","geo_enabled":false,"verified":false,"statuses_count":0,"lang":"uk","contributors_enabled":false,"is_translator":false,"is_translation_enabled":false,"profile_background_color":"C0DEED","profile_background_image_url":"http:\\/\\/abs.twimg.com\\/images\\/themes\\/theme1\\/bg.png","profile_background_image_url_https":"https:\\/\\/abs.twimg.com\\/images\\/themes\\/theme1\\/bg.png","profile_background_tile":false,"profile_image_url":"http:\\/\\/abs.twimg.com\\/sticky\\/default_profile_images\\/default_profile_5_normal.png","profile_image_url_https":"https:\\/\\/abs.twimg.com\\/sticky\\/default_profile_images\\/default_profile_5_normal.png","profile_link_color":"0084B4","profile_sidebar_border_color":"C0DEED","profile_sidebar_fill_color":"DDEEF6","profile_text_color":"333333","profile_use_background_image":true,"default_profile":true,"default_profile_image":true,"following":false,"follow_request_sent":false,"notifications":false}');

-- --------------------------------------------------------

--
-- Структура таблиці `speciality`
--

CREATE TABLE IF NOT EXISTS `speciality` (
  `id` int(10) unsigned NOT NULL AUTO_INCREMENT,
  `code` varchar(10) NOT NULL,
  `name` varchar(128) NOT NULL,
  `parent` int(10) unsigned NOT NULL,
  PRIMARY KEY (`id`),
  UNIQUE KEY `code` (`code`),
  KEY `parent` (`parent`)
) ENGINE=InnoDB  DEFAULT CHARSET=utf8 AUTO_INCREMENT=21 ;

--
-- Дамп даних таблиці `speciality`
--

INSERT INTO `speciality` (`id`, `code`, `name`, `parent`) VALUES
(1, '6.050901', 'Радіотехніка', 0),
(2, '6.050902', 'Радіоелектронні апарати', 0),
(5, '7.050901', 'Радіотехніка', 0),
(6, '7.050902', 'Радіоелектронні апарати', 0),
(7, '8.050901', 'Радіотехніка', 0),
(8, '8.050902', 'Радіоелектронні апарати', 0),
(9, '7.05090102', 'Апаратура радіозв’язку, радіомовлення і телебачення', 5),
(10, '8.05090102', 'Апаратура радіозв’язку, радіомовлення і телебачення', 7),
(11, '7.05090101', 'Радіотехніка', 5),
(12, '8.05090101', 'Радіотехніка', 7),
(13, '7.05090103', 'Радіоелектронні пристрої, системи та комплекси', 5),
(14, '8.05090103', 'Радіоелектронні пристрої, системи та комплекси', 7),
(15, '7.05090201', 'Радіоелектронні апарати та засоби', 6),
(16, '8.05090201', 'Радіоелектронні апарати та засоби', 8),
(17, '7.05090203', 'Інтелектуальні технології мікросистемної радіоелектронної техніки', 6),
(18, '8.05090203', 'Інтелектуальні технології мікросистемної радіоелектронної техніки', 8),
(19, '7.05090204', 'Біотехнічні та медичні апарати і системи', 6),
(20, '8.05090204', 'Біотехнічні та медичні апарати і системи', 8);

-- --------------------------------------------------------

--
-- Структура таблиці `speciality_child`
--

CREATE TABLE IF NOT EXISTS `speciality_child` (
  `parent` int(10) unsigned NOT NULL,
  `child` int(10) unsigned NOT NULL,
  PRIMARY KEY (`parent`,`child`),
  KEY `child` (`child`)
) ENGINE=InnoDB DEFAULT CHARSET=utf8;

--
-- Дамп даних таблиці `speciality_child`
--

INSERT INTO `speciality_child` (`parent`, `child`) VALUES
(5, 9),
(7, 10),
(5, 11),
(7, 12),
(5, 13),
(7, 14),
(6, 15),
(8, 16),
(6, 17),
(8, 18),
(6, 19),
(8, 20);

-- --------------------------------------------------------

--
-- Структура таблиці `token`
--

CREATE TABLE IF NOT EXISTS `token` (
  `user_id` int(11) NOT NULL,
  `code` varchar(32) NOT NULL,
  `created_at` int(11) NOT NULL,
  `type` smallint(6) NOT NULL,
  UNIQUE KEY `token_unique` (`user_id`,`code`,`type`)
) ENGINE=InnoDB DEFAULT CHARSET=utf8;

-- --------------------------------------------------------

--
-- Структура таблиці `user`
--

CREATE TABLE IF NOT EXISTS `user` (
  `id` int(11) NOT NULL AUTO_INCREMENT,
  `username` varchar(25) NOT NULL,
  `email` varchar(255) NOT NULL,
  `password_hash` varchar(60) NOT NULL,
  `auth_key` varchar(32) NOT NULL,
  `confirmed_at` int(11) DEFAULT NULL,
  `unconfirmed_email` varchar(255) DEFAULT NULL,
  `blocked_at` int(11) DEFAULT NULL,
  `registration_ip` varchar(45) DEFAULT NULL,
  `created_at` int(11) NOT NULL,
  `updated_at` int(11) NOT NULL,
  `flags` int(11) NOT NULL DEFAULT '0',
  `phone` varchar(13) NOT NULL,
  PRIMARY KEY (`id`),
  UNIQUE KEY `user_unique_username` (`username`),
  UNIQUE KEY `user_unique_email` (`email`)
) ENGINE=InnoDB  DEFAULT CHARSET=utf8 AUTO_INCREMENT=16 ;

--
-- Дамп даних таблиці `user`
--

INSERT INTO `user` (`id`, `username`, `email`, `password_hash`, `auth_key`, `confirmed_at`, `unconfirmed_email`, `blocked_at`, `registration_ip`, `created_at`, `updated_at`, `flags`, `phone`) VALUES
(1, 'mosvits', 'mosvits@gmail.com', '$2y$10$XiGSD9rQ040e3/T5CFhP5O67vDmJu72nXdnb8O/yrYV2fncyLNtX6', '8VmfqIg7Xm-G3TRyUylC3ENxGLUQAuN4', 1429203932, NULL, NULL, '::1', 1429203312, 1429203932, 0, ''),
(2, 'guseva', 'guseva@tor.kpi.ua', '$2y$10$Z/iyF14/FxHNmxD.H6rId.VVLdLe7GtI6inu/eMVmZMwnhRr9UKu.', 'arGfzvIOYO6k54tCRCN3z8S3C85x6lAH', 1429206250, NULL, NULL, '::1', 1429206250, 1429206250, 0, ''),
(3, 'pastuhova', 'pastuhova@ukr.net', '$2y$10$4FxAF4D3tx1BywAXMwDVveSWOTkyPhcr79PNK1m.yzPDC8kmZuZgO', 'SC9i3khXAleq0GlDr1BG4Nk32otPwE3y', 1429624497, NULL, NULL, '::1', 1429624497, 1429624497, 0, ''),
(4, 'gaydaenko', 'gaydaenko@ros.kpi.ua', '$2y$10$pP4nRi4mltBT9moNBvmB9uAUslck5yMREfJQptBCyOCJb3Yqd76pu', 'woeiNRJMb3PTSnsIZ7e1G9jDlNvOJiQi', 1429624595, NULL, NULL, '::1', 1429624595, 1429624595, 0, ''),
(9, 'mosv', 'mosv@ua.fm', '$2y$10$F6bwyPSxh2A8E2gld6klKu1Q8bjmXJzQo664CfwtnLSzsxAmaoh/i', 'dHx-Fi8RDWuWYmQCw_MOV9oeMOwJYMX2', 1429961644, NULL, 1430169720, '::1', 1429961644, 1429961644, 0, '+380677647875'),
(10, 'mosichuk', 'mosichuk@ua.fm', '$2y$10$.OIrsHjZ7zQWxzSeWF1cM.zMjMIDoov4SoA/7mG4m4GPvz.6J9WKW', 'jnio3ekA56Q7G7hIDFtG-RJZyGjrGZ_-', 1429962755, NULL, NULL, '::1', 1429962755, 1429962755, 0, '+380963955532'),
(12, 'nnn', 'mosvits@ukr.net', '$2y$10$EHr0PDPogg/pB7G8fWwFze3SBt7YNz0qYF7Qg6bxu6zfjPNvgGc16', 'K9UfCJ7GT_f8KMZASO01IE4MEOT3pfoJ', 1430817060, NULL, NULL, '::1', 1430816866, 1430817060, 0, ''),
(13, 'nnnnn', 'nnnnn@nn.nn', '$2y$10$7zdHtSlxDx3NBacUjVhvvuaHd34fK7fB/suNVUtmAIlbNoqiZiW5G', 'XeUqWudWwcyL4HLkMrOrZaiI_hZl5A0i', 1430817766, NULL, NULL, '::1', 1430817766, 1430817766, 0, '+380673332233'),
(14, 'mnmnmn', 'nmm@nn.mm', '$2y$10$cQBUwACt3f4B.6BWipopLOefqPeZz5x7mkr7HTuGK3rTyS3piShXu', 'mBqLUUTYFOf5hyeIEwmd1NMm6eVWsINF', 1430819979, NULL, NULL, '::1', 1430819950, 1430819979, 0, ''),
(15, 'mosv1', 'mosv@ukrpost.net', '$2y$10$fyZf7GyAIB6vl7pOz5gp0.mfdQ.FKzAvbHKWe6eyqCcyYDOm9Uljq', 'GPViqe8ajmrj7pLfYVYuO6z6BkF9P2m5', 1430849199, NULL, NULL, '::1', 1430849199, 1430849199, 0, '');

--
-- Обмеження зовнішнього ключа збережених таблиць
--

--
-- Обмеження зовнішнього ключа таблиці `auth_assignment`
--
ALTER TABLE `auth_assignment`
  ADD CONSTRAINT `auth_assignment_ibfk_1` FOREIGN KEY (`item_name`) REFERENCES `auth_item` (`name`) ON DELETE CASCADE ON UPDATE CASCADE;

--
-- Обмеження зовнішнього ключа таблиці `auth_item`
--
ALTER TABLE `auth_item`
  ADD CONSTRAINT `auth_item_ibfk_1` FOREIGN KEY (`rule_name`) REFERENCES `auth_rule` (`name`) ON DELETE SET NULL ON UPDATE CASCADE;

--
-- Обмеження зовнішнього ключа таблиці `auth_item_child`
--
ALTER TABLE `auth_item_child`
  ADD CONSTRAINT `auth_item_child_ibfk_1` FOREIGN KEY (`parent`) REFERENCES `auth_item` (`name`) ON DELETE CASCADE ON UPDATE CASCADE,
  ADD CONSTRAINT `auth_item_child_ibfk_2` FOREIGN KEY (`child`) REFERENCES `auth_item` (`name`) ON DELETE CASCADE ON UPDATE CASCADE;

--
-- Обмеження зовнішнього ключа таблиці `card`
--
ALTER TABLE `card`
  ADD CONSTRAINT `card_ibfk_1` FOREIGN KEY (`region`) REFERENCES `card_region` (`id`),
  ADD CONSTRAINT `card_ibfk_2` FOREIGN KEY (`group_id`) REFERENCES `group` (`id`);

--
-- Обмеження зовнішнього ключа таблиці `documents`
--
ALTER TABLE `documents`
  ADD CONSTRAINT `documents_ibfk_1` FOREIGN KEY (`type`) REFERENCES `documents_type` (`id`),
  ADD CONSTRAINT `documents_ibfk_2` FOREIGN KEY (`status`) REFERENCES `documents_status` (`id`);

--
-- Обмеження зовнішнього ключа таблиці `group`
--
ALTER TABLE `group`
  ADD CONSTRAINT `group_ibfk_1` FOREIGN KEY (`speciality_id`) REFERENCES `speciality` (`id`);

--
-- Обмеження зовнішнього ключа таблиці `group_praxis`
--
ALTER TABLE `group_praxis`
  ADD CONSTRAINT `group_praxis_ibfk_1` FOREIGN KEY (`group_id`) REFERENCES `group` (`id`),
  ADD CONSTRAINT `group_praxis_ibfk_2` FOREIGN KEY (`praxistype_id`) REFERENCES `praxis_type` (`id`);

--
-- Обмеження зовнішнього ключа таблиці `menu`
--
ALTER TABLE `menu`
  ADD CONSTRAINT `menu_ibfk_1` FOREIGN KEY (`parent`) REFERENCES `menu` (`id`) ON DELETE SET NULL ON UPDATE CASCADE;

--
-- Обмеження зовнішнього ключа таблиці `praxis_event`
--
ALTER TABLE `praxis_event`
  ADD CONSTRAINT `praxis_event_ibfk_2` FOREIGN KEY (`praxis_type`) REFERENCES `praxis_type` (`id`),
  ADD CONSTRAINT `praxis_event_ibfk_3` FOREIGN KEY (`student_id`) REFERENCES `card` (`ipn`);

--
-- Обмеження зовнішнього ключа таблиці `profile`
--
ALTER TABLE `profile`
  ADD CONSTRAINT `fk_user_profile` FOREIGN KEY (`user_id`) REFERENCES `user` (`id`) ON DELETE CASCADE ON UPDATE CASCADE;

--
-- Обмеження зовнішнього ключа таблиці `request`
--
ALTER TABLE `request`
  ADD CONSTRAINT `request_ibfk_1` FOREIGN KEY (`company_id`) REFERENCES `company` (`id`),
  ADD CONSTRAINT `request_ibfk_2` FOREIGN KEY (`speciality_id`) REFERENCES `speciality` (`id`),
  ADD CONSTRAINT `request_ibfk_3` FOREIGN KEY (`document_id`) REFERENCES `documents` (`id`);

--
-- Обмеження зовнішнього ключа таблиці `social_account`
--
ALTER TABLE `social_account`
  ADD CONSTRAINT `fk_user_account` FOREIGN KEY (`user_id`) REFERENCES `user` (`id`) ON DELETE CASCADE;

--
-- Обмеження зовнішнього ключа таблиці `speciality_child`
--
ALTER TABLE `speciality_child`
  ADD CONSTRAINT `speciality_child_ibfk_1` FOREIGN KEY (`parent`) REFERENCES `speciality` (`id`),
  ADD CONSTRAINT `speciality_child_ibfk_2` FOREIGN KEY (`child`) REFERENCES `speciality` (`id`);

--
-- Обмеження зовнішнього ключа таблиці `token`
--
ALTER TABLE `token`
  ADD CONSTRAINT `fk_user_token` FOREIGN KEY (`user_id`) REFERENCES `user` (`id`) ON DELETE CASCADE;

/*!40101 SET CHARACTER_SET_CLIENT=@OLD_CHARACTER_SET_CLIENT */;
/*!40101 SET CHARACTER_SET_RESULTS=@OLD_CHARACTER_SET_RESULTS */;
/*!40101 SET COLLATION_CONNECTION=@OLD_COLLATION_CONNECTION */;
